Timestamp,Full Name :,Gender :,Do you use your phone to click pictures of class notes?,Do you buy books/access books from your mobile?,Does your phone's battery last a day?,"When your phone's battery dies out, do you run for the charger?",Do you worry about losing your cell phone?,Do you take your phone to the bathroom?,Do you use your phone in any social gathering (parties)?,Do you often check your phone without any notification? ,Do you check your phone just before going to sleep/just after waking up?,Do you keep your phone right next to you while sleeping?,"Do you check emails, missed calls, texts during class time? ",Do you find yourself relying on your phone when things get awkward?,Are you on your phone while watching TV or eating food?,Do you have a panic attack if you leave your phone elsewhere?,You don't mind responding to messages or checking your phone while on date? ,For how long do you use your phone for playing games?,Can you live a day without phone ? ,whether you are addicted to phone?
2023/02/17 2:21:53 PM GMT+5:30,Dabbeta Ganesh Kumar,MALE,Yes,Yes,Yes,Yes;No,Yes,Yes,Yes,Yes,Yes,Yes,Yes,Yes,Yes,Yes,Yes,<2 hours,yes,yes
2023/02/24 4:28:34 PM GMT+5:30,Mir Junaid Rasool,MALE,Yes,No,Yes,Yes,Yes,Yes,Yes,Yes,Yes,Yes,No,Yes,No,Yes,Yes,<2 hours,No,yes
2023/02/24 4:34:02 PM GMT+5:30,Dev,MALE,Yes,No,No,Yes,Yes,Yes,Yes,Yes,Yes,Yes,No,Yes,Yes,Yes,Yes,>2 hours,No,Yes
2023/02/27 3:32:22 PM GMT+5:30,A.RuthvikDev,MALE,Yes,No,Yes,Yes,Yes,No,Yes,Yes,Yes,Yes,Yes,Yes,No,Yes,No,<2 hours,Yes,No
2023/02/27 3:33:44 PM GMT+5:30,Vishnu ,MALE,Yes,Yes,Yes,Yes,Yes,No,Yes,Yes,Yes,yes ,No,No,No,No,No,<2 hours,Yes,No
2023/02/27 3:37:46 PM GMT+5:30,Sathvik ,MALE,No,No,No,Yes,Yes,No,No,No,Yes,No,No,Yes,No,Yes,No,<2 hours,Yes,No
2023/02/27 3:49:52 PM GMT+5:30,K Ruthvekh ,MALE,No,No,Yes,No,No,Yes,Yes,Yes,Yes,Yes,Yes,Yes,Yes,No,Yes,<2 hours,Yes,No
2023/02/27 4:02:11 PM GMT+5:30,Karthik Kommana,MALE,Yes,No,Yes,No,Yes,No,Yes,Yes,Yes,No,No,Yes,No,No,No,>2 hours,Yes,Yes
2023/02/27 4:13:38 PM GMT+5:30,Kojaaa,Prefer not to say,No,No,No,No,No,Yes,No,No,No,No,No,No,No,No,No,<2 hours,No,Yes
2023/02/27 4:21:27 PM GMT+5:30,M Venkat kiran ,MALE,Yes,Yes,Yes,Yes,No,No,No,Yes,Yes,Yes,Yes,Yes,No,Yes,Yes,>2 hours,No,Yes
2023/02/27 4:24:44 PM GMT+5:30,N.Jashwanth,MALE,Yes,No,Yes,Yes,Yes,No,Yes,Yes,Yes,No,Yes,No,No,No,Yes,<2 hours,Yes,Yes
2023/02/27 4:47:59 PM GMT+5:30,Kavva Akhil Reddy ,MALE,Yes,No,Yes,Yes,Yes,No,Yes,Yes,Yes,Yes,Yes,Yes,Yes,Yes,Yes,<2 hours,No,Yes
2023/02/27 4:57:18 PM GMT+5:30,Akula Tejesh ,MALE,Yes,Yes,No,No,No,Yes,No,Yes,Yes,Yes,Yes,No,No,No,No,>2 hours,No,Yes
2023/02/27 5:19:28 PM GMT+5:30,Ram,MALE,Yes,No,Yes,No,Yes,Yes,No,No,No,No,Yes,No,No,Yes,Yes,>2 hours,Yes,No
2023/02/27 5:37:48 PM GMT+5:30,Muni,MALE,Yes,Yes,No,No,Yes,Yes,No,Yes,Yes,Yes,Yes,Yes,No,Yes,No,>2 hours,No,No
2023/02/27 5:40:59 PM GMT+5:30,V Ravi Kumar Reddy,MALE,No,No,No,No,No,Yes,No,No,No,No,No,No,No,No,No,<2 hours,Yes,No
2023/02/27 5:42:38 PM GMT+5:30,Naga Muni Reddy ,MALE,Yes,Yes,Yes,Yes,Yes,Yes,Yes,Yes,Yes,Yes,No,Yes,Yes,Yes,Yes,<2 hours,Yes,Yes
2023/02/27 5:44:46 PM GMT+5:30,Srisai Madharapu,MALE,Yes,No,Yes,Yes,Yes,No,Yes,Yes,Yes,Yes,No,Yes,Yes,Yes,No,<2 hours,Yes,Yes
2023/02/27 5:45:33 PM GMT+5:30,Prudhvitha Reddy,Female,Yes,Yes,Yes,Yes,Yes,No,Yes,Yes,Yes,Yes,Yes,Yes,Yes,Yes,Yes,<2 hours,Yes,No
2023/02/27 7:07:33 PM GMT+5:30,Sree Nayan ,MALE,Yes,No,Yes,Yes,Yes,No,Yes,Yes,Yes,Yes,Yes,Yes,No,Yes,Yes,>2 hours,No,Yes
2023/02/27 7:45:58 PM GMT+5:30,GIRIBOINA SRIKANTH ,MALE,Yes,No,Yes,Yes,Yes,No,Yes,Yes,Yes,Yes,Yes,Yes,Yes,Yes,Yes,<2 hours,No,Yes
2023/02/27 7:55:12 PM GMT+5:30,Shreya Rao,Female,Yes,Yes,Yes,Yes,Yes,No,Yes,Yes,Yes,Yes,No,No,No,No,No,>2 hours,Yes,No
2023/02/27 7:56:22 PM GMT+5:30,Sam,MALE,Yes,Yes,Yes,yes ,Yes,Yes,Yes,No,No,Yes,Yes,Yes,No,No,No,<2 hours,Yes,No
2023/02/27 7:59:41 PM GMT+5:30,yes ,MALE,Yes,No,Yes,No,Yes,Yes,No,No,Yes,No,No,No,Yes,Yes,No,<2 hours,Yes,Yes
2023/02/27 8:18:02 PM GMT+5:30,C Naganna Gari Chowde Gowd ,MALE,No,No,Yes,Yes,Yes,yes ,No,Yes,Yes,No,No,Yes,No,No,Yes,<2 hours,Yes,Yes
2023/02/27 8:46:36 PM GMT+5:30,B Dinesh ,MALE,Yes,Yes,Yes,Yes,Yes,No,No,Yes,Yes,No,No,Yes,Yes,No,yes ,yes ,Yes,Yes
2023/02/27 8:48:58 PM GMT+5:30,Vipu  Kumar,MALE,No,Yes,Yes,No,Yes,No,No,No,Yes,Yes,No,Yes,No,No,No,<2 hours,Yes,Yes
2023/02/27 10:26:41 PM GMT+5:30,Gunna Hari charan,MALE,Yes,Yes,yes ,Yes,No,Yes,Yes,Yes,No,Yes,Yes,Yes,Yes,Yes,No,<2 hours,Yes,Yes
2023/02/27 10:29:40 PM GMT+5:30,J.naga chandar,MALE,Yes,No,No,No,Yes,No,Yes,No,No,No,No,Yes,No,Yes,No,>2 hours,Yes,Yes
2023/02/27 10:32:05 PM GMT+5:30,G.sindhu Reddy,Female,Yes,Yes,No,Yes,No,No,Yes,No,No,No,No,No,No,No,Yes,<2 hours,Yes,No
2023/02/27 10:32:28 PM GMT+5:30,Meghana,Female,Yes,Yes,Yes,No,Yes,No,No,No,Yes,Yes,Yes,No,Yes,Yes,No,>2 hours,Yes,No
2023/02/27 10:34:56 PM GMT+5:30,Sai Nithish ,MALE,Yes,No,Yes,No,Yes,No,Yes,No,Yes,Yes,Yes,Yes,Yes,Yes,Yes,>2 hours,Yes,Yes
2023/02/27 10:48:43 PM GMT+5:30,Priyadarshini jawaji,Female,Yes,No,No,Yes,Yes,No,Yes,No,Yes,Yes,Yes,Yes,Yes,No,No,>2 hours,Yes,No
2023/02/27 10:58:51 PM GMT+5:30,Gata Gautham,MALE,Yes,Yes,Yes,Yes,Yes,No,Yes,No,Yes,Yes,No,Yes,No,Yes,Yes,<2 hours,Yes,Yes
2023/02/27 11:25:56 PM GMT+5:30,Ramesh Erumalla ,MALE,Yes,Yes,No,No,Yes,No,No,No,No,Yes,No,yes ,No,No,No,>2 hours,Yes,No
2023/02/28 7:32:23 AM GMT+5:30,Gugulothu Gayathri,Female,Yes,Yes,Yes,Yes,Yes,No,Yes,Yes,Yes,Yes,Yes,yes ,No,No,No,>2 hours,Yes,No
2023/02/28 10:47:26 AM GMT+5:30,Mohan kulcha,MALE,Yes,No,Yes,Yes,Yes,No,No,Yes,Yes,Yes,No,Yes,Yes,Yes,Yes,>2 hours,No,No
2023/02/28 12:06:29 PM GMT+5:30,Muppa manisai ,MALE,Yes,Yes,No,Yes,No,No,Yes,Yes,Yes,Yes,Yes,No,Yes,Yes,No,>2 hours,Yes,No
2023/02/28 1:42:41 PM GMT+5:30,Rajat Soni,MALE,Yes,No,Yes,Yes,Yes,Yes,Yes,Yes,Yes,Yes,Yes,Yes,Yes,Yes,No,<2 hours,No,Yes
2023/02/28 7:15:46 PM GMT+5:30,Vindhya ,Female,Yes,Yes,Yes,No,Yes,No,Yes,Yes,Yes,Yes,No,Yes,Yes,Yes,Yes,<2 hours,No,Yes
2023/02/28 7:16:38 PM GMT+5:30,Sai teja ,MALE,Yes,Yes,Yes,Yes,Yes,Yes,Yes,No,Yes,Yes,No,Yes,Yes,Yes,Yes,<2 hours,No,Yes
2023/02/28 7:17:51 PM GMT+5:30,Sai venkat ,MALE,Yes,Yes,No,Yes,Yes,No,Yes,Yes,Yes,No,Yes,Yes,No,Yes,Yes,>2 hours,No,Yes
2023/02/28 7:18:46 PM GMT+5:30,Akshitha ,Female,Yes,Yes,Yes,No,Yes,No,Yes,No,Yes,Yes,Yes,Yes,Yes,Yes,No,<2 hours,Yes,Yes
2023/02/28 7:19:31 PM GMT+5:30,Nikhil ,MALE,Yes,Yes,No,Yes,Yes,Yes,Yes,Yes,Yes,Yes,Yes,Yes,Yes,Yes,Yes,>2 hours,No,Yes
2023/02/28 7:43:51 PM GMT+5:30,Antesh Somawar ,MALE,Yes,Yes,No,Yes,No,No,Yes,Yes,Yes,Yes,No,Yes,Yes,Yes,Yes,>2 hours,Yes,Yes
2023/02/28 8:26:38 PM GMT+5:30,MALOTH VISHNU VARDHNA ,MALE,Yes,Yes,No,No,Yes,No,Yes,No,No,No,No,No,No,No,Yes,<2 hours,Yes,No
2023/03/01 1:52:43 PM GMT+5:30,Amrita Rao ,Female,Yes,No,No,Yes,Yes,Yes,Yes,Yes,Yes,Yes,Yes,Yes,Yes,Yes,No,<2 hours,No,Yes
2023/03/01 3:30:03 PM GMT+5:30,yes ,MALE,Yes,No,No,Yes,No,No,Yes,Yes,Yes,Yes,Yes,No,Yes,No,Yes,<2 hours,Yes,No
2023/03/01 3:47:51 PM GMT+5:30,yes ,MALE,No,Yes,Yes,No,No,No,Yes,Yes,Yes,Yes,Yes,Yes,Yes,Yes,Yes,<2 hours,Yes,Yes
2023/03/01 5:12:14 PM GMT+5:30,Vinay,MALE,Yes,Yes,Yes,Yes,Yes,Yes,Yes,Yes,Yes,Yes,Yes,Yes,Yes,Yes,Yes,>2 hours,Yes,Yes
2023/03/01 6:57:10 PM GMT+5:30,Ram,MALE,Yes,Yes,Yes,Yes,Yes,Yes,Yes,Yes,Yes,Yes,Yes,Yes,Yes,Yes,Yes,<2 hours,Yes,Yes
2023/03/01 6:57:39 PM GMT+5:30,Keerthi,Female,No,No,Yes,No,Yes,No,Yes,No,Yes,No,Yes,No,Yes,No,Yes,>2 hours,Yes,No
2023/03/01 6:58:07 PM GMT+5:30,Sathwikkk,MALE,Yes,Yes,Yes,Yes,Yes,Yes,Yes,Yes,Yes,Yes,Yes,Yes,Yes,Yes,Yes,<2 hours,Yes,Yes
2023/03/01 6:58:45 PM GMT+5:30,Sumanth ,MALE,No,No,No,No,No,No,No,No,No,No,No,No,No,No,No,>2 hours,No,No
2023/03/01 6:59:20 PM GMT+5:30,Rakesh ,MALE,Yes,No,Yes,Yes,Yes,Yes,No,No,No,Yes,No,Yes,Yes,No,Yes,>2 hours,Yes,Yes
2023/03/01 6:59:55 PM GMT+5:30,Ramesh ,MALE,Yes,Yes,Yes,Yes,Yes,Yes,Yes,Yes,Yes,Yes,Yes,Yes,Yes,No,Yes,<2 hours,Yes,No
2023/03/01 7:00:59 PM GMT+5:30,Suma,Female,No,No,No,Yes,No,No,No,Yes,No,No,No,No,No,No,Yes,<2 hours,Yes,Yes
2023/03/01 7:01:53 PM GMT+5:30,Sushma,Female,No,No,No,No,No,No,No,No,No,No,No,No,No,No,No,>2 hours,No,No
2023/03/01 7:02:27 PM GMT+5:30,Srav,MALE,Yes,Yes,Yes,Yes,Yes,Yes,Yes,Yes,Yes,Yes,Yes,No,No,No,Yes,>2 hours,No,No
2023/03/01 7:02:54 PM GMT+5:30,Sanjeev ,MALE,Yes,No,Yes,No,Yes,No,Yes,No,Yes,No,Yes,No,Yes,No,Yes,>2 hours,Yes,No
2023/03/01 7:03:19 PM GMT+5:30,Vardhan ,MALE,Yes,Yes,Yes,Yes,Yes,Yes,Yes,Yes,Yes,Yes,Yes,Yes,Yes,Yes,Yes,<2 hours,Yes,Yes
2023/03/01 7:05:15 PM GMT+5:30,Mani ,MALE,Yes,Yes,Yes,Yes,Yes,Yes,Yes,Yes,Yes,Yes,Yes,Yes,Yes,Yes,Yes,<2 hours,Yes,Yes
2023/03/01 7:05:41 PM GMT+5:30,Ntr,MALE,Yes,Yes,Yes,Yes,Yes,Yes,Yes,Yes,Yes,Yes,Yes,Yes,Yes,Yes,Yes,<2 hours,Yes,Yes
2023/03/01 7:06:11 PM GMT+5:30,Lasya,Female,No,No,No,No,No,No,No,No,No,No,No,No,No,No,No,>2 hours,No,No
2023/03/01 7:10:11 PM GMT+5:30,Mukhi dhanapuri,Female,Yes,No,No,Yes,Yes,Yes,Yes,Yes,Yes,Yes,No,Yes,Yes,Yes,Yes,>2 hours,No,Yes
2023/03/01 7:17:45 PM GMT+5:30,yes ,yes ,yes ,yes ,yes ,yes ,yes ,yes ,yes ,yes ,yes ,yes ,yes ,yes ,yes ,yes ,yes ,yes ,yes ,yes 
2023/03/01 7:19:18 PM GMT+5:30,Suraj,MALE,Yes,No,Yes,Yes,Yes,No,No,No,No,No,No,Yes,No,Yes,Yes,<2 hours,Yes,Yes
2023/03/01 7:21:20 PM GMT+5:30,Samay,MALE,No,No,Yes,Yes,Yes,No,Yes,No,Yes,Yes,Yes,Yes,Yes,Yes,No,<2 hours,No,Yes
2023/03/01 7:22:41 PM GMT+5:30,Vyshnavi ,Female,Yes,yes ,Yes,Yes,Yes,Yes,Yes,Yes,Yes,Yes,No,Yes,No,Yes,Yes,<2 hours,Yes,Yes
2023/03/01 7:23:09 PM GMT+5:30,Velmareddy Akhila Reddy ,Female,Yes,No,Yes,Yes,Yes,No,No,Yes,Yes,No,No,Yes,Yes,Yes,No,>2 hours,Yes,Yes
2023/03/01 7:23:53 PM GMT+5:30,Nishrutha ,Female,Yes,No,No,No,Yes,Yes,Yes,Yes,Yes,Yes,No,Yes,Yes,Yes,Yes,<2 hours,No,Yes
2023/03/01 7:26:24 PM GMT+5:30,Bashetty Akshay ,MALE,Yes,Yes,Yes,Yes,Yes,No,Yes,No,No,No,No,yes ,Yes,Yes,Yes,>2 hours,Yes,No
2023/03/01 7:27:17 PM GMT+5:30,Chandu,MALE,Yes,No,Yes,No,Yes,No,Yes,No,Yes,No,No,Yes,No,No,No,<2 hours,Yes,No
2023/03/01 7:29:51 PM GMT+5:30,Yashwanth ,MALE,Yes,No,Yes,Yes,Yes,No,Yes,No,Yes,No,No,No,No,No,No,<2 hours,Yes,No
2023/03/01 7:31:39 PM GMT+5:30,Sai,MALE,Yes,Yes,No,Yes,Yes,No,No,Yes,No,No,Yes,No,No,No,No,<2 hours,Yes,Yes
2023/03/01 7:33:58 PM GMT+5:30,Sanju ,Female,Yes,No,Yes,No,No,No,Yes,No,No,No,No,No,Yes,No,No,>2 hours,Yes,No
2023/03/01 7:35:03 PM GMT+5:30,Sathvika Bommella ,Female,Yes,Yes,Yes,Yes,No,No,Yes,No,Yes,Yes,Yes,Yes,No,No,No,<2 hours,No,No
2023/03/01 7:38:14 PM GMT+5:30,Vaishnavi kanaparthi,Female,Yes,No,Yes,Yes,Yes,No,Yes,Yes,Yes,Yes,Yes,Yes,Yes,Yes,No,>2 hours,No,Yes
2023/03/01 7:42:50 PM GMT+5:30,Pranay,MALE,Yes,No,No,Yes,Yes,Yes,Yes,Yes,No,No,Yes,No,No,Yes,No,<2 hours,No,Yes
2023/03/01 7:49:02 PM GMT+5:30,Sharath ,MALE,No,No,No,Yes,Yes,Yes,Yes,Yes,Yes,Yes,Yes,No,Yes,Yes,No,>2 hours,No,Yes
2023/03/01 7:54:54 PM GMT+5:30,Shiva koyirala,Female,Yes,No,Yes,No,Yes,No,Yes,No,Yes,No,No,Yes,Yes,Yes,No,>2 hours,Yes,No
2023/03/01 8:01:13 PM GMT+5:30,Eshaa ,Female,Yes,No,No,Yes,Yes,No,No,Yes,Yes,Yes,Yes,Yes,Yes,Yes,No,>2 hours,No,Yes
2023/03/01 8:11:03 PM GMT+5:30,Chukka,Female,Yes,Yes,Yes,Yes,Yes,Yes,Yes,Yes,Yes,Yes,No,Yes,Yes,Yes,Yes,>2 hours,No,Yes
2023/03/01 8:14:14 PM GMT+5:30,Akshaya,Female,Yes,No,Yes,Yes,Yes,Yes,Yes,Yes,Yes,Yes,No,Yes,Yes,Yes,yes ,<2 hours,No,Yes
2023/03/01 8:19:56 PM GMT+5:30,Sahasra ,Female,Yes,Yes,No,Yes,Yes,No,Yes,Yes,Yes,Yes,No,Yes,Yes,No,Yes,>2 hours,Yes,No
2023/03/01 8:40:37 PM GMT+5:30,Rishika,Female,Yes,Yes,Yes,Yes,Yes,Yes,Yes,Yes,Yes,Yes,Yes,Yes,Yes,Yes,Yes,>2 hours,Yes,Yes
2023/03/01 8:41:12 PM GMT+5:30,Preethi,Female,Yes,Yes,No,Yes,Yes,Yes,Yes,Yes,Yes,Yes,Yes,Yes,Yes,Yes,Yes,<2 hours,Yes,Yes
2023/03/01 8:45:10 PM GMT+5:30,Shainu reddy,Female,No,Yes,Yes,Yes,Yes,No,Yes,No,No,No,No,Yes,No,No,Yes,<2 hours,No,Yes
2023/03/02 12:05:03 AM GMT+5:30,Praneeth ,MALE,Yes,Yes,Yes,Yes,Yes,Yes,Yes,Yes,Yes,Yes,Yes,Yes,Yes,Yes,Yes,<2 hours,Yes,Yes
2023/03/02 12:05:44 AM GMT+5:30,Charan Raj ,MALE,Yes,Yes,Yes,Yes,Yes,Yes,Yes,Yes,Yes,Yes,Yes,Yes,Yes,Yes,Yes,<2 hours,Yes,Yes
2023/03/02 12:06:19 AM GMT+5:30,Phani Kumar ,MALE,Yes,Yes,Yes,Yes,Yes,Yes,Yes,Yes,Yes,Yes,Yes,Yes,Yes,Yes,Yes,<2 hours,Yes,Yes
2023/03/02 12:07:01 AM GMT+5:30,Rajinikar ,MALE,Yes,Yes,Yes,Yes,Yes,Yes,Yes,Yes,Yes,Yes,Yes,Yes,Yes,Yes,Yes,<2 hours,Yes,Yes
2023/03/02 12:07:37 AM GMT+5:30,Shanmukh ,MALE,Yes,Yes,Yes,Yes,Yes,Yes,Yes,Yes,Yes,Yes,Yes,Yes,Yes,Yes,Yes,<2 hours,Yes,Yes
2023/03/02 12:08:18 AM GMT+5:30,Chandhana,Female,Yes,Yes,Yes,Yes,Yes,Yes,Yes,Yes,Yes,Yes,Yes,Yes,Yes,Yes,Yes,<2 hours,Yes,Yes
2023/03/02 12:08:49 AM GMT+5:30,Srivani ,Female,Yes,Yes,Yes,Yes,Yes,Yes,Yes,Yes,Yes,Yes,Yes,Yes,Yes,Yes,Yes,<2 hours,Yes,Yes
2023/03/02 12:09:19 AM GMT+5:30,Keerthan ,MALE,Yes,Yes,Yes,Yes,Yes,Yes,Yes,Yes,Yes,Yes,Yes,Yes,Yes,Yes,Yes,<2 hours,Yes,Yes
2023/03/02 12:09:50 AM GMT+5:30,Chakravarthi ,MALE,Yes,Yes,Yes,Yes,Yes,Yes,Yes,Yes,Yes,Yes,Yes,Yes,Yes,Yes,Yes,<2 hours,Yes,Yes
2023/03/02 2:38:07 AM GMT+5:30,Anjan,MALE,Yes,No,No,Yes,Yes,No,Yes,Yes,Yes,No,No,No,Yes,No,Yes,>2 hours,No,Yes
2023/03/02 9:45:00 AM GMT+5:30,Manoj ,MALE,Yes,Yes,Yes,Yes,Yes,Yes,Yes,Yes,Yes,Yes,Yes,Yes,Yes,Yes,Yes,<2 hours,Yes,Yes
2023/03/02 9:45:47 AM GMT+5:30,Vamshi ,MALE,Yes,Yes,Yes,Yes,Yes,Yes,Yes,Yes,Yes,Yes,Yes,Yes,Yes,Yes,Yes,<2 hours,Yes,Yes
2023/03/02 9:46:24 AM GMT+5:30,Yashwant ,MALE,Yes,Yes,Yes,Yes,Yes,Yes,Yes,Yes,Yes,Yes,Yes,Yes,Yes,Yes,Yes,<2 hours,Yes,Yes
2023/03/02 9:47:04 AM GMT+5:30,Bindu ,Female,Yes,Yes,Yes,Yes,Yes,Yes,Yes,Yes,Yes,Yes,Yes,Yes,Yes,Yes,Yes,<2 hours,Yes,Yes
2023/03/02 9:47:36 AM GMT+5:30,Shravani ,Female,Yes,Yes,Yes,Yes,Yes,Yes,Yes,Yes,Yes,Yes,No,Yes,Yes,Yes,Yes,<2 hours,Yes,Yes
2023/03/02 9:48:13 AM GMT+5:30,Lokesh ,MALE,Yes,Yes,Yes,Yes,Yes,Yes,Yes,Yes,Yes,Yes,Yes,Yes,Yes,Yes,Yes,<2 hours,Yes,Yes
2023/03/02 9:48:51 AM GMT+5:30,Shiva ,MALE,Yes,Yes,Yes,Yes,Yes,Yes,Yes,Yes,Yes,Yes,Yes,Yes,Yes,Yes,Yes,<2 hours,Yes,Yes
2023/03/02 9:49:35 AM GMT+5:30,Prasanna ,Female,Yes,Yes,Yes,Yes,Yes,Yes,Yes,Yes,Yes,Yes,Yes,Yes,Yes,Yes,Yes,<2 hours,Yes,Yes
2023/03/02 9:50:21 AM GMT+5:30,Varshitha ,Female,Yes,Yes,Yes,Yes,Yes,Yes,Yes,Yes,Yes,Yes,Yes,Yes,Yes,Yes,Yes,<2 hours,Yes,Yes
2023/03/02 9:50:52 AM GMT+5:30,Meghana ,Female,Yes,Yes,Yes,Yes,Yes,Yes,Yes,Yes,Yes,Yes,Yes,Yes,Yes,Yes,Yes,<2 hours,Yes,Yes
2023/03/02 10:21:48 AM GMT+5:30,Suresh ,MALE,Yes,Yes,Yes,No,Yes,No,Yes,Yes,Yes,Yes,Yes,Yes,Yes,Yes,Yes,<2 hours,Yes,Yes
2023/03/02 10:32:03 AM GMT+5:30,Geetha karagana,Female,Yes,Yes,Yes,Yes,Yes,Yes,Yes,Yes,Yes,Yes,No,Yes,No,No,No,>2 hours,Yes,No
2023/03/02 10:33:43 AM GMT+5:30,Ramu,MALE,Yes,No,Yes,Yes,Yes,Yes,Yes,Yes,Yes,Yes,Yes,Yes,Yes,Yes,Yes,>2 hours,Yes,Yes
2023/03/02 10:34:18 AM GMT+5:30,Raju,MALE,No,Yes,Yes,Yes,Yes,Yes,Yes,Yes,Yes,Yes,Yes,Yes,Yes,Yes,Yes,<2 hours,Yes,Yes
2023/03/02 10:34:52 AM GMT+5:30,Krishna ,MALE,Yes,Yes,No,Yes,Yes,Yes,Yes,Yes,Yes,Yes,Yes,Yes,Yes,Yes,Yes,<2 hours,Yes,Yes
2023/03/02 10:36:02 AM GMT+5:30,Sahasra Gunda ,Female,Yes,Yes,Yes,Yes,Yes,No,Yes,Yes,Yes,Yes,No,Yes,Yes,No,No,<2 hours,Yes,Yes
2023/03/02 10:36:50 AM GMT+5:30,Srinidhi,Female,Yes,Yes,Yes,Yes,Yes,Yes,Yes,Yes,Yes,Yes,Yes,Yes,Yes,No,Yes,<2 hours,No,Yes
2023/03/02 10:37:25 AM GMT+5:30,Nithya,Female,Yes,Yes,Yes,No,Yes,Yes,Yes,Yes,Yes,Yes,Yes,Yes,Yes,Yes,No,>2 hours,No,Yes
2023/03/02 10:37:56 AM GMT+5:30,Sony,Female,Yes,No,Yes,Yes,Yes,No,No,No,No,Yes,Yes,Yes,Yes,Yes,No,>2 hours,No,Yes
2023/03/02 10:38:24 AM GMT+5:30,Vivek,MALE,Yes,No,Yes,Yes,Yes,Yes,Yes,Yes,Yes,Yes,No,No,No,No,No,<2 hours,Yes,No
2023/03/02 10:38:49 AM GMT+5:30,Varun ,MALE,No,Yes,Yes,Yes,No,No,No,No,No,Yes,Yes,Yes,Yes,No,Yes,>2 hours,Yes,No
2023/03/02 11:08:29 AM GMT+5:30,Nandareddy,MALE,Yes,Yes,Yes,Yes,Yes,Yes,No,Yes,Yes,No,No,Yes,No,No,No,>2 hours,Yes,Yes
2023/03/02 11:29:25 AM GMT+5:30,Dinesh Reddy ,MALE,Yes,No,Yes,Yes,Yes,Yes,Yes,Yes,Yes,Yes,Yes,Yes,Yes,Yes,No,<2 hours,No,Yes
2023/03/02 11:33:39 AM GMT+5:30,Kolluru Nandini ,Female,Yes,No,Yes,Yes,Yes,No,No,Yes,Yes,No,No,No,Yes,Yes,Yes,<2 hours,Yes,Yes
2023/03/02 12:02:58 PM GMT+5:30,Kolati Naga likhitha sirisha,Female,Yes,Yes,Yes,No,No,No,No,Yes,Yes,No,No,Yes,No,No,yes ,yes ,Yes,No
2023/03/02 12:28:33 PM GMT+5:30,Subash Gogula,MALE,No,Yes,Yes,No,Yes,No,Yes,Yes,Yes,No,No,Yes,No,No,No,<2 hours,Yes,No
2023/03/02 1:49:34 PM GMT+5:30,Praveen ,MALE,Yes,Yes,No,No,Yes,Yes,Yes,Yes,Yes,No,Yes,Yes,Yes,Yes,Yes,<2 hours,No,No
2023/03/02 1:50:17 PM GMT+5:30,Naveen,MALE,Yes,Yes,No,Yes,Yes,Yes,Yes,Yes,Yes,Yes,Yes,Yes,Yes,Yes,Yes,<2 hours,No,Yes
2023/03/02 1:51:13 PM GMT+5:30,Abhilash,MALE,Yes,Yes,Yes,Yes,Yes,Yes,Yes,Yes,Yes,Yes,Yes,No,Yes,Yes,Yes,>2 hours,No,Yes
2023/03/02 2:36:58 PM GMT+5:30,Suresh ,MALE,No,Yes,No,Yes,Yes,Yes,Yes,Yes,Yes,Yes,Yes,Yes,Yes,No,No,>2 hours,Yes,No
2023/03/02 3:06:00 PM GMT+5:30,Sai krishna,MALE,Yes,Yes,Yes,Yes,Yes,Yes,Yes,Yes,Yes,Yes,Yes,Yes,Yes,Yes,Yes,<2 hours,Yes,Yes
2023/03/02 3:06:54 PM GMT+5:30,Sam,MALE,Yes,Yes,Yes,Yes,Yes,Yes,Yes,Yes,Yes,Yes,Yes,Yes,Yes,Yes,Yes,<2 hours,Yes,Yes
2023/03/02 3:07:42 PM GMT+5:30,Srikanth,MALE,Yes,Yes,Yes,Yes,Yes,Yes,Yes,Yes,Yes,Yes,Yes,Yes,Yes,Yes,Yes,<2 hours,Yes,Yes
2023/03/02 3:08:54 PM GMT+5:30,Shreya,MALE,Yes,Yes,Yes,Yes,Yes,Yes,Yes,Yes,Yes,Yes,Yes,Yes,Yes,Yes,Yes,<2 hours,Yes,Yes
2023/03/02 3:09:49 PM GMT+5:30,Shiva,MALE,Yes,Yes,Yes,Yes,Yes,Yes,Yes,Yes,Yes,Yes,Yes,Yes,Yes,Yes,Yes,<2 hours,Yes,Yes
2023/03/02 3:11:37 PM GMT+5:30,Pranay reddy,MALE,Yes,Yes,Yes,Yes,Yes,Yes,Yes,Yes,Yes,Yes,Yes,Yes,Yes,Yes,Yes,<2 hours,Yes,Yes
2023/03/02 3:13:50 PM GMT+5:30,Reddy,MALE,Yes,Yes,Yes,Yes,Yes,Yes,Yes,Yes,Yes,Yes,Yes,Yes,Yes,Yes,Yes,<2 hours,Yes,Yes
2023/03/02 3:29:40 PM GMT+5:30,Yashwanth ,MALE,Yes,No,Yes,No,Yes,No,Yes,Yes,Yes,No,No,Yes,No,Yes,Yes,<2 hours,No,Yes
2023/03/02 3:30:28 PM GMT+5:30,Krishna ,MALE,Yes,Yes,No,Yes,Yes,No,Yes,Yes,Yes,Yes,Yes,Yes,Yes,Yes,Yes,<2 hours,Yes,No
2023/03/02 4:45:11 PM GMT+5:30,yes ,Female,No,Yes,Yes,Yes,Yes,No,Yes,Yes,Yes,Yes,No,No,Yes,Yes,No,>2 hours,Yes,Yes
2023/03/02 5:35:11 PM GMT+5:30,Minku,MALE,Yes,Yes,No,Yes,Yes,No,Yes,Yes,Yes,Yes,No,No,Yes,Yes,No,>2 hours,No,Yes
2023/03/02 5:35:50 PM GMT+5:30,Akanksha ,Female,Yes,No,Yes,Yes,Yes,No,Yes,Yes,Yes,Yes,Yes,Yes,Yes,Yes,Yes,>2 hours,No,Yes
2023/03/02 5:35:55 PM GMT+5:30,Mimmy,Female,Yes,Yes,No,Yes,Yes,No,Yes,No,No,No,No,Yes,Yes,No,Yes,>2 hours,Yes,No
2023/03/02 5:36:35 PM GMT+5:30,Shiva ,MALE,No,No,No,Yes,Yes,Yes,No,No,Yes,Yes,No,No,Yes,Yes,No,>2 hours,Yes,Yes
2023/03/02 5:37:10 PM GMT+5:30,Vani,Female,Yes,No,No,No,Yes,No,Yes,No,Yes,No,Yes,No,Yes,No,Yes,>2 hours,Yes,No
2023/03/02 5:37:33 PM GMT+5:30,Bhavya,Female,No,No,Yes,No,No,No,Yes,No,No,No,No,Yes,Yes,No,No,>2 hours,Yes,No
2023/03/02 5:38:59 PM GMT+5:30,Vamshi,MALE,Yes,Yes,No,Yes,Yes,No,Yes,No,Yes,Yes,Yes,No,Yes,Yes,No,<2 hours,No,Yes
2023/03/02 5:41:05 PM GMT+5:30,Latha,Female,Yes,Yes,Yes,Yes,Yes,Yes,Yes,Yes,Yes,Yes,Yes,Yes,Yes,Yes,Yes,<2 hours,Yes,Yes
2023/03/02 5:41:10 PM GMT+5:30,Vineeth,MALE,No,Yes,Yes,No,Yes,Yes,No,No,Yes,No,No,Yes,No,Yes,No,>2 hours,Yes,No
2023/03/02 5:41:44 PM GMT+5:30,Prethi,Female,Yes,No,Yes,No,Yes,Yes,No,Yes,Yes,No,No,No,Yes,Yes,No,<2 hours,No,No
2023/03/02 5:41:52 PM GMT+5:30,Srineeth,MALE,Yes,Yes,Yes,Yes,No,No,Yes,No,No,No,No,Yes,Yes,Yes,No,>2 hours,No,Yes
2023/03/02 5:42:24 PM GMT+5:30,Sanju,MALE,Yes,Yes,Yes,Yes,Yes,Yes,Yes,Yes,Yes,Yes,Yes,Yes,Yes,Yes,Yes,<2 hours,Yes,Yes
2023/03/02 5:43:02 PM GMT+5:30,Mamatha ,Female,Yes,Yes,Yes,Yes,Yes,Yes,Yes,Yes,Yes,Yes,Yes,Yes,Yes,Yes,Yes,<2 hours,Yes,Yes
2023/03/02 5:43:36 PM GMT+5:30,Sanjana,Female,No,No,Yes,Yes,Yes,No,No,Yes,Yes,No,No,Yes,Yes,No,Yes,>2 hours,Yes,No
2023/03/02 5:44:08 PM GMT+5:30,Swapna,Female,Yes,No,Yes,Yes,Yes,No,Yes,Yes,Yes,No,No,No,No,No,No,<2 hours,Yes,No
2023/03/02 8:35:02 PM GMT+5:30,Laxmi ,Female,Yes,Yes,Yes,Yes,Yes,Yes,Yes,Yes,Yes,Yes,Yes,Yes,Yes,Yes,Yes,<2 hours,Yes,Yes
2023/03/02 8:35:38 PM GMT+5:30,Rithesh ,MALE,Yes,Yes,Yes,Yes,Yes,Yes,Yes,Yes,Yes,Yes,Yes,Yes,Yes,Yes,Yes,<2 hours,Yes,Yes
2023/03/02 8:36:07 PM GMT+5:30,Nishanth ,MALE,Yes,Yes,Yes,Yes,Yes,Yes,Yes,Yes,Yes,Yes,Yes,Yes,Yes,Yes,Yes,<2 hours,Yes,Yes
2023/03/02 8:36:36 PM GMT+5:30,Sai Teja ,MALE,Yes,Yes,Yes,Yes,Yes,Yes,Yes,Yes,Yes,Yes,Yes,Yes,Yes,Yes,Yes,<2 hours,Yes,Yes
2023/03/02 8:37:20 PM GMT+5:30,Harshith ,MALE,Yes,Yes,Yes,Yes,Yes,Yes,Yes,Yes,Yes,Yes,Yes,Yes,Yes,Yes,Yes,<2 hours,Yes,Yes
2023/03/02 8:37:55 PM GMT+5:30,Rama Rao ,MALE,Yes,Yes,Yes,Yes,Yes,Yes,Yes,Yes,Yes,Yes,Yes,Yes,Yes,Yes,Yes,<2 hours,Yes,Yes
2023/03/02 8:41:12 PM GMT+5:30,Nikhil ,MALE,Yes,Yes,Yes,Yes,Yes,Yes,Yes,Yes,Yes,Yes,Yes,Yes,Yes,Yes,Yes,<2 hours,Yes,Yes
2023/03/02 8:41:45 PM GMT+5:30,Kiran ,MALE,Yes,Yes,Yes,Yes,Yes,Yes,Yes,Yes,Yes,Yes,Yes,Yes,Yes,Yes,Yes,<2 hours,Yes,Yes
2023/03/02 8:42:22 PM GMT+5:30,Chandhana ,Female,Yes,Yes,Yes,Yes,Yes,Yes,Yes,Yes,Yes,Yes,Yes,Yes,Yes,Yes,Yes,<2 hours,Yes,Yes
2023/03/02 11:17:30 PM GMT+5:30,Varane ,MALE,Yes,No,No,Yes,Yes,No,Yes,Yes,Yes,Yes,Yes,Yes,No,Yes,Yes,<2 hours,Yes,Yes
2023/03/02 11:19:28 PM GMT+5:30,Bharath ,MALE,Yes,Yes,Yes,Yes,Yes,No,Yes,Yes,Yes,Yes,Yes,Yes,Yes,Yes,Yes,>2 hours,No,Yes
2023/03/02 11:20:20 PM GMT+5:30,Kranthi ,MALE,Yes,Yes,Yes,Yes,Yes,No,Yes,Yes,Yes,Yes,Yes,Yes,Yes,Yes,Yes,<2 hours,No,Yes
2023/03/02 11:23:44 PM GMT+5:30,Bharad ,MALE,Yes,Yes,No,Yes,Yes,No,Yes,Yes,No,Yes,Yes,Yes,Yes,Yes,Yes,>2 hours,No,Yes
2023/03/02 11:24:28 PM GMT+5:30,Vamshi ,MALE,Yes,Yes,Yes,Yes,Yes,No,Yes,Yes,Yes,Yes,Yes,Yes,Yes,Yes,Yes,>2 hours,No,Yes
2023/03/02 11:24:31 PM GMT+5:30,Akuthota Sathvikdev,MALE,No,No,No,Yes,No,No,No,No,No,No,No,No,No,No,No,<2 hours,Yes,No
2023/03/02 11:25:15 PM GMT+5:30,Chaitanya ,MALE,Yes,No,Yes,Yes,Yes,No,Yes,Yes,Yes,Yes,Yes,Yes,Yes,Yes,Yes,<2 hours,Yes,Yes
2023/03/02 11:26:00 PM GMT+5:30,Rakesh ,MALE,Yes,Yes,No,No,Yes,No,No,No,No,No,Yes,No,No,No,No,<2 hours,Yes,No
2023/03/02 11:26:10 PM GMT+5:30,rishik,MALE,Yes,Yes,Yes,No,No,No,No,Yes,Yes,No,Yes,No,No,Yes,No,>2 hours,No,Yes
2023/03/02 11:26:47 PM GMT+5:30,Teja ,MALE,Yes,Yes,Yes,Yes,Yes,No,Yes,Yes,Yes,Yes,Yes,Yes,No,Yes,Yes,<2 hours,Yes,Yes
2023/03/02 11:27:30 PM GMT+5:30,Lilith ,MALE,Yes,Yes,Yes,Yes,Yes,No,Yes,Yes,Yes,Yes,Yes,Yes,Yes,Yes,Yes,<2 hours,Yes,No
2023/03/02 11:27:36 PM GMT+5:30,gajala,MALE,Yes,Yes,No,Yes,Yes,Yes,No,No,No,No,No,No,Yes,Yes,Yes,>2 hours,No,No
2023/03/02 11:28:05 PM GMT+5:30,Advaith ,MALE,Yes,Yes,Yes,No,Yes,No,Yes,Yes,Yes,Yes,Yes,No,No,Yes,Yes,>2 hours,No,Yes
2023/03/02 11:28:38 PM GMT+5:30,Revanth ,MALE,Yes,Yes,Yes,No,Yes,Yes,Yes,Yes,Yes,Yes,Yes,Yes,Yes,Yes,Yes,<2 hours,Yes,No
2023/03/02 11:29:15 PM GMT+5:30,Nikhil ,MALE,Yes,Yes,Yes,No,Yes,No,No,No,No,No,Yes,No,No,Yes,No,<2 hours,Yes,No
2023/03/02 11:29:23 PM GMT+5:30,sahil,MALE,No,No,No,No,No,No,No,No,No,No,No,No,No,Yes,No,<2 hours,Yes,No
2023/03/02 11:29:50 PM GMT+5:30,Mani,MALE,Yes,Yes,No,Yes,No,Yes,No,Yes,No,No,Yes,Yes,No,Yes,No,<2 hours,Yes,No
2023/03/02 11:59:15 PM GMT+5:30,Nayan,MALE,No,Yes,Yes,No,Yes,Yes,No,Yes,No,Yes,Yes,No,No,Yes,Yes,<2 hours,No,No
2023/03/02 11:59:56 PM GMT+5:30,Phanitha,Female,Yes,Yes,Yes,Yes,No,No,No,Yes,Yes,No,Yes,No,Yes,Yes,No,>2 hours,Yes,Yes
2023/03/03 12:00:36 AM GMT+5:30,Charan sai,MALE,No,Yes,Yes,Yes,Yes,No,Yes,No,Yes,Yes,No,No,No,Yes,Yes,<2 hours,No,No
2023/03/03 12:01:19 AM GMT+5:30,Harsha ,MALE,Yes,Yes,No,Yes,No,Yes,Yes,Yes,No,No,No,Yes,Yes,Yes,Yes,>2 hours,No,No
2023/03/03 12:02:05 AM GMT+5:30,Koushik bonala,MALE,Yes,Yes,No,Yes,Yes,Yes,Yes,Yes,Yes,Yes,No,No,No,No,No,<2 hours,Yes,No
2023/03/03 12:02:39 AM GMT+5:30,Mandeep ,MALE,Yes,No,No,Yes,Yes,Yes,Yes,No,Yes,No,Yes,Yes,No,Yes,No,<2 hours,Yes,No
2023/03/03 12:03:20 AM GMT+5:30,Uday Kiran ,MALE,Yes,No,No,No,Yes,Yes,Yes,Yes,Yes,Yes,yes ,Yes,Yes,Yes,Yes,>2 hours,No,Yes
2023/03/03 7:56:24 AM GMT+5:30,Akshay Kumar,MALE,Yes,No,No,Yes,Yes,Yes,No,Yes,Yes,Yes,Yes,Yes,No,No,Yes,<2 hours,Yes,No
2023/03/03 1:47:07 PM GMT+5:30,Abhiram ,MALE,No,Yes,No,Yes,Yes,No,No,Yes,Yes,Yes,Yes,Yes,Yes,No,No,>2 hours,No,Yes
2023/03/03 1:48:25 PM GMT+5:30,Aditya,MALE,Yes,Yes,No,No,No,Yes,No,Yes,Yes,Yes,Yes,No,No,No,Yes,>2 hours,Yes,No
2023/03/03 4:10:57 PM GMT+5:30,pranay ,MALE,Yes,Yes,Yes,Yes,Yes,No,No,No,Yes,No,No,No,No,No,No,<2 hours,Yes,Yes
2023/03/03 4:12:35 PM GMT+5:30,Sony ,MALE,Yes,Yes,Yes,Yes,Yes,Yes,Yes,Yes,Yes,No,No,No,No,Yes,No,>2 hours,No,Yes
2023/03/03 4:13:03 PM GMT+5:30,preethampathuri,MALE,Yes,No,Yes,Yes,Yes,No,Yes,Yes,Yes,Yes,No,Yes,No,Yes,Yes,<2 hours,Yes,No
2023/03/03 4:14:13 PM GMT+5:30,Ganesh devireddy,MALE,Yes,Yes,No,Yes,Yes,Yes,No,Yes,No,Yes,No,Yes,Yes,Yes,No,<2 hours,Yes,Yes
2023/03/03 4:14:55 PM GMT+5:30,Bharath,MALE,Yes,Yes,Yes,yes ,Yes,Yes,Yes,Yes,No,Yes,No,No,No,Yes,No,>2 hours,No,Yes
2023/03/03 4:15:18 PM GMT+5:30,Sanju ,MALE,Yes,Yes,Yes,Yes,Yes,Yes,No,No,No,Yes,No,No,No,Yes,No,>2 hours,No,Yes
2023/03/03 4:16:00 PM GMT+5:30,Anirudh ,MALE,Yes,No,No,Yes,Yes,Yes,Yes,Yes,Yes,Yes,Yes,Yes,Yes,Yes,Yes,>2 hours,Yes,Yes
2023/03/03 4:17:00 PM GMT+5:30,Bhanu prakash,MALE,Yes,No,Yes,No,No,No,No,No,No,No,No,No,No,Yes,No,>2 hours,No,No
2023/03/03 4:18:18 PM GMT+5:30,Anjana ,Female,No,No,No,No,No,No,No,No,No,No,No,No,No,No,No,<2 hours,Yes,No
2023/03/03 4:19:09 PM GMT+5:30,Madhu kiran,MALE,Yes,Yes,No,No,Yes,Yes,No,No,Yes,Yes,No,No,No,No,Yes,>2 hours,No,Yes
2023/03/03 4:19:11 PM GMT+5:30,Sreeja,Female,No,No,No,No,No,No,No,No,No,No,No,No,No,No,No,<2 hours,Yes,No
2023/03/03 4:19:49 PM GMT+5:30,Praneetha,Female,yes ,No,Yes,Yes,No,No,Yes,Yes,No,Yes,Yes,Yes,Yes,Yes,Yes,yes ,Yes,Yes
2023/03/03 4:19:59 PM GMT+5:30,Sunny ,MALE,Yes,Yes,Yes,Yes,Yes,Yes,Yes,Yes,Yes,Yes,Yes,Yes,Yes,Yes,Yes,>2 hours,No,Yes
2023/03/03 4:20:59 PM GMT+5:30,Rahul,MALE,Yes,Yes,Yes,No,No,No,No,No,No,No,Yes,No,Yes,No,Yes,<2 hours,Yes,No
2023/03/03 4:21:19 PM GMT+5:30,Chaitra,Female,No,Yes,No,Yes,Yes,No,No,No,No,No,No,Yes,No,Yes,No,>2 hours,No,Yes
2023/03/03 4:22:29 PM GMT+5:30,Deepak,MALE,Yes,No,Yes,No,Yes,No,No,No,No,No,No,No,No,Yes,Yes,<2 hours,Yes,No
2023/03/03 4:23:16 PM GMT+5:30,Maheswari,MALE,Yes,No,yes ,No,Yes,Yes,No,Yes,No,Yes,No,Yes,No,Yes,No,>2 hours,Yes,Yes
2023/03/03 6:46:54 PM GMT+5:30,..,MALE,Yes,Yes,Yes,Yes,Yes,No,Yes,No,Yes,No,No,No,No,Yes,No,<2 hours,Yes,Yes
2023/03/03 7:02:52 PM GMT+5:30,Dhoni,MALE,Yes,Yes,Yes,No,No,Yes,Yes,No,Yes,Yes,No,Yes,Yes,Yes,Yes,>2 hours,No,No
2023/03/03 7:09:23 PM GMT+5:30,Aneetha ,Female,No,Yes,Yes,No,Yes,Yes,No,No,No,Yes,Yes,Yes,No,No,No,>2 hours,Yes,No
2023/03/03 8:23:47 PM GMT+5:30,Vallepu Pravallika ,Female,Yes,No,Yes,No,Yes,Yes,No,No,No,No,No,No,No,No,Yes,<2 hours,Yes,Yes
2023/03/07 10:10:13 AM GMT+5:30,Ruturaj,MALE,No,Yes,No,Yes,No,Yes,No,Yes,Yes,No,No,Yes,Yes,No,Yes,<2 hours,No,Yes
2023/03/07 10:11:23 AM GMT+5:30,Gaikwad,MALE,Yes,No,No,Yes,No,Yes,No,Yes,No,No,yes ,Yes,Yes,No,No,<2 hours,No,No
2023/03/07 10:14:03 AM GMT+5:30,Natasha,Female,Yes,No,Yes,No,Yes,No,No,Yes,Yes,No,Yes,Yes,No,Yes,No,<2 hours,No,Yes
2023/03/07 10:14:39 AM GMT+5:30,Rashada,Female,No,Yes,Yes,No,Yes,No,Yes,No,Yes,No,Yes,No,Yes,No,No,<2 hours,Yes,No
2023/03/07 10:15:17 AM GMT+5:30,Modester,Female,Yes,No,Yes,No,Yes,No,No,Yes,No,Yes,No,Yes,Yes,No,Yes,>2 hours,Yes,No
2023/03/07 10:15:48 AM GMT+5:30,Erin,Female,No,Yes,No,Yes,No,No,Yes,No,Yes,Yes,Yes,No,No,No,Yes,<2 hours,Yes,Yes
2023/03/07 10:16:30 AM GMT+5:30,Nicola,Female,No,Yes,No,Yes,No,Yes,Yes,No,Yes,Yes,No,Yes,No,No,Yes,<2 hours,Yes,Yes
2023/03/07 10:17:09 AM GMT+5:30,Sarah,Female,No,No,No,Yes,No,Yes,No,Yes,No,No,Yes,Yes,No,Yes,No,>2 hours,No,Yes
2023/03/07 10:18:22 AM GMT+5:30,Hannah,Female,No,Yes,No,Yes,No,Yes,No,Yes,Yes,No,No,Yes,Yes,Yes,Yes,<2 hours,Yes,No
2023/03/07 10:19:16 AM GMT+5:30,Kim,Female,No,Yes,No,Yes,No,No,Yes,Yes,No,Yes,No,Yes,No,No,Yes,>2 hours,Yes,No
2023/03/07 10:19:52 AM GMT+5:30,Heather,Female,No,Yes,No,No,No,Yes,No,Yes,No,No,No,Yes,Yes,No,Yes,>2 hours,Yes,No
2023/03/07 10:20:31 AM GMT+5:30,Grace,Female,No,Yes,Yes,No,No,Yes,Yes,No,Yes,Yes,Yes,No,Yes,No,No,>2 hours,Yes,Yes
2023/03/07 10:21:39 AM GMT+5:30,Rahul dravid,MALE,No,No,No,Yes,No,Yes,No,No,No,Yes,No,Yes,No,Yes,Yes,<2 hours,No,Yes
2023/03/10 11:36:57 AM GMT+5:30,Neels,Female,Yes,Yes,No,Yes,Yes,Yes,Yes,Yes,Yes,Yes,Yes,Yes,Yes,Yes,No,>2 hours,No,No
2023/03/10 3:29:06 PM GMT+5:30,pawan,MALE,Yes,No,Yes,Yes,No,Yes,No,No,No,No,No,Yes,No,No,Yes,>2 hours,Yes,No
2023/03/10 3:29:09 PM GMT+5:30,pawan,MALE,Yes,No,Yes,Yes,No,Yes,No,No,No,No,No,Yes,No,No,Yes,>2 hours,Yes,No
2023/03/10 3:29:09 PM GMT+5:30,pawan,MALE,Yes,No,Yes,Yes,No,Yes,No,No,No,No,No,Yes,No,No,Yes,>2 hours,Yes,No
2023/03/10 3:29:09 PM GMT+5:30,pawan,MALE,Yes,No,Yes,Yes,No,Yes,No,No,No,No,No,Yes,No,No,Yes,>2 hours,Yes,No
2023/03/10 3:29:09 PM GMT+5:30,pawan,MALE,Yes,No,Yes,Yes,No,Yes,No,No,No,No,No,Yes,No,No,Yes,>2 hours,Yes,No
2023/03/10 3:29:09 PM GMT+5:30,pawan,MALE,Yes,No,Yes,Yes,No,Yes,No,No,No,No,No,Yes,No,No,Yes,>2 hours,Yes,No
2023/03/10 3:29:09 PM GMT+5:30,pawan,MALE,Yes,No,Yes,Yes,No,Yes,No,No,No,No,No,Yes,No,No,Yes,>2 hours,Yes,No
2023/03/10 3:29:09 PM GMT+5:30,pawan,MALE,Yes,No,Yes,Yes,No,Yes,No,No,No,No,No,Yes,No,No,Yes,>2 hours,Yes,No
2023/03/10 3:29:09 PM GMT+5:30,pawan,MALE,Yes,No,Yes,Yes,No,Yes,No,No,No,No,No,Yes,No,No,Yes,>2 hours,Yes,No
2023/03/10 3:29:09 PM GMT+5:30,pawan,MALE,Yes,No,Yes,Yes,No,Yes,No,No,No,No,No,Yes,No,No,Yes,>2 hours,Yes,No
2023/03/10 3:29:09 PM GMT+5:30,pawan,MALE,Yes,No,Yes,Yes,No,Yes,No,No,No,No,No,Yes,No,No,Yes,>2 hours,Yes,No
2023/03/10 3:29:09 PM GMT+5:30,pawan,MALE,Yes,No,Yes,Yes,No,Yes,No,No,No,No,No,Yes,No,No,Yes,>2 hours,Yes,No
2023/03/10 3:29:09 PM GMT+5:30,pawan,MALE,Yes,No,Yes,Yes,No,Yes,No,No,No,No,No,Yes,No,No,Yes,>2 hours,Yes,No
2023/03/10 3:29:09 PM GMT+5:30,pawan,MALE,Yes,No,Yes,Yes,No,Yes,No,No,No,No,No,Yes,No,No,Yes,>2 hours,Yes,No
2023/03/10 3:29:09 PM GMT+5:30,pawan,MALE,Yes,No,Yes,Yes,No,Yes,No,No,No,No,No,Yes,No,No,Yes,>2 hours,Yes,No
2023/03/10 3:29:09 PM GMT+5:30,pawan,MALE,Yes,No,Yes,Yes,No,Yes,No,No,No,No,No,Yes,No,No,Yes,>2 hours,Yes,No
2023/03/10 3:29:09 PM GMT+5:30,pawan,MALE,Yes,No,Yes,Yes,No,Yes,No,No,No,No,No,Yes,No,No,Yes,>2 hours,Yes,No
2023/03/10 3:29:09 PM GMT+5:30,pawan,MALE,Yes,No,Yes,Yes,No,Yes,No,No,No,No,No,Yes,No,No,Yes,>2 hours,Yes,No
2023/03/10 3:29:09 PM GMT+5:30,pawan,MALE,Yes,No,Yes,Yes,No,Yes,No,No,No,No,No,Yes,No,No,Yes,>2 hours,Yes,No
2023/03/10 3:29:09 PM GMT+5:30,pawan,MALE,Yes,No,Yes,Yes,No,Yes,No,No,No,No,No,Yes,No,No,Yes,>2 hours,Yes,No
2023/03/10 3:31:23 PM GMT+5:30,praneeth,MALE,Yes,No,Yes,Yes,No,Yes,No,No,No,No,No,Yes,No,No,Yes,>2 hours,Yes,No
2023/03/10 3:31:24 PM GMT+5:30,praneeth,MALE,Yes,No,Yes,Yes,No,Yes,No,No,No,No,No,Yes,No,No,Yes,>2 hours,Yes,No
2023/03/10 3:31:24 PM GMT+5:30,praneeth,MALE,Yes,No,Yes,Yes,No,Yes,No,No,No,No,No,Yes,No,No,Yes,>2 hours,Yes,No
2023/03/10 3:31:24 PM GMT+5:30,praneeth,MALE,Yes,No,Yes,Yes,No,Yes,No,No,No,No,No,Yes,No,No,Yes,>2 hours,Yes,No
2023/03/10 3:31:24 PM GMT+5:30,praneeth,MALE,Yes,No,Yes,Yes,No,Yes,No,No,No,No,No,Yes,No,No,Yes,>2 hours,Yes,No
2023/03/10 3:31:24 PM GMT+5:30,praneeth,MALE,Yes,No,Yes,Yes,No,Yes,No,No,No,No,No,Yes,No,No,Yes,>2 hours,Yes,No
2023/03/10 3:31:24 PM GMT+5:30,praneeth,MALE,Yes,No,Yes,Yes,No,Yes,No,No,No,No,No,Yes,No,No,Yes,>2 hours,Yes,No
2023/03/10 3:31:24 PM GMT+5:30,praneeth,MALE,Yes,No,Yes,Yes,No,Yes,No,No,No,No,No,Yes,No,No,Yes,>2 hours,Yes,No
2023/03/10 3:31:24 PM GMT+5:30,praneeth,MALE,Yes,No,Yes,Yes,No,Yes,No,No,No,No,No,Yes,No,No,Yes,>2 hours,Yes,No
2023/03/10 3:31:24 PM GMT+5:30,praneeth,MALE,Yes,No,Yes,Yes,No,Yes,No,No,No,No,No,Yes,No,No,Yes,>2 hours,Yes,No
2023/03/10 3:31:24 PM GMT+5:30,praneeth,MALE,Yes,No,Yes,Yes,No,Yes,No,No,No,No,No,Yes,No,No,Yes,>2 hours,Yes,No
2023/03/10 3:31:24 PM GMT+5:30,praneeth,MALE,Yes,No,Yes,Yes,No,Yes,No,No,No,No,No,Yes,No,No,Yes,>2 hours,Yes,No
2023/03/10 3:31:24 PM GMT+5:30,praneeth,MALE,Yes,No,Yes,Yes,No,Yes,No,No,No,No,No,Yes,No,No,Yes,>2 hours,Yes,No
2023/03/10 3:31:24 PM GMT+5:30,praneeth,MALE,Yes,No,Yes,Yes,No,Yes,No,No,No,No,No,Yes,No,No,Yes,>2 hours,Yes,No
2023/03/10 3:31:25 PM GMT+5:30,praneeth,MALE,Yes,No,Yes,Yes,No,Yes,No,No,No,No,No,Yes,No,No,Yes,>2 hours,Yes,No
2023/03/10 3:31:25 PM GMT+5:30,praneeth,MALE,Yes,No,Yes,Yes,No,Yes,No,No,No,No,No,Yes,No,No,Yes,>2 hours,Yes,No
2023/03/10 3:31:25 PM GMT+5:30,praneeth,MALE,Yes,No,Yes,Yes,No,Yes,No,No,No,No,No,Yes,No,No,Yes,>2 hours,Yes,No
2023/03/10 3:31:25 PM GMT+5:30,praneeth,MALE,Yes,No,Yes,Yes,No,Yes,No,No,No,No,No,Yes,No,No,Yes,>2 hours,Yes,No
2023/03/10 3:31:25 PM GMT+5:30,praneeth,MALE,Yes,No,Yes,Yes,No,Yes,No,No,No,No,No,Yes,No,No,Yes,>2 hours,Yes,No
2023/03/10 3:31:25 PM GMT+5:30,praneeth,MALE,Yes,No,Yes,Yes,No,Yes,No,No,No,No,No,Yes,No,No,Yes,>2 hours,Yes,No
2023/03/10 3:31:53 PM GMT+5:30,mahesh,MALE,Yes,No,Yes,Yes,No,Yes,No,No,No,No,No,Yes,No,No,Yes,>2 hours,Yes,No
2023/03/10 3:31:55 PM GMT+5:30,mahesh,MALE,Yes,No,Yes,Yes,No,Yes,No,No,No,No,No,Yes,No,No,Yes,>2 hours,Yes,No
2023/03/10 3:31:55 PM GMT+5:30,mahesh,MALE,Yes,No,Yes,Yes,No,Yes,No,No,No,No,No,Yes,No,No,Yes,>2 hours,Yes,No
2023/03/10 3:31:55 PM GMT+5:30,mahesh,MALE,Yes,No,Yes,Yes,No,Yes,No,No,No,No,No,Yes,No,No,Yes,>2 hours,Yes,No
2023/03/10 3:31:55 PM GMT+5:30,mahesh,MALE,Yes,No,Yes,Yes,No,Yes,No,No,No,No,No,Yes,No,No,Yes,>2 hours,Yes,No
2023/03/10 3:31:55 PM GMT+5:30,mahesh,MALE,Yes,No,Yes,Yes,No,Yes,No,No,No,No,No,Yes,No,No,Yes,>2 hours,Yes,No
2023/03/10 3:31:55 PM GMT+5:30,mahesh,MALE,Yes,No,Yes,Yes,No,Yes,No,No,No,No,No,Yes,No,No,Yes,>2 hours,Yes,No
2023/03/10 3:31:55 PM GMT+5:30,mahesh,MALE,Yes,No,Yes,Yes,No,Yes,No,No,No,No,No,Yes,No,No,Yes,>2 hours,Yes,No
2023/03/10 3:31:55 PM GMT+5:30,mahesh,MALE,Yes,No,Yes,Yes,No,Yes,No,No,No,No,No,Yes,No,No,Yes,>2 hours,Yes,No
2023/03/10 3:31:55 PM GMT+5:30,mahesh,MALE,Yes,No,Yes,Yes,No,Yes,No,No,No,No,No,Yes,No,No,Yes,>2 hours,Yes,No
2023/03/10 3:31:55 PM GMT+5:30,mahesh,MALE,Yes,No,Yes,Yes,No,Yes,No,No,No,No,No,Yes,No,No,Yes,>2 hours,Yes,No
2023/03/10 3:31:55 PM GMT+5:30,mahesh,MALE,Yes,No,Yes,Yes,No,Yes,No,No,No,No,No,Yes,No,No,Yes,>2 hours,Yes,No
2023/03/10 3:31:55 PM GMT+5:30,mahesh,MALE,Yes,No,Yes,Yes,No,Yes,No,No,No,No,No,Yes,No,No,Yes,>2 hours,Yes,No
2023/03/10 3:31:55 PM GMT+5:30,mahesh,MALE,Yes,No,Yes,Yes,No,Yes,No,No,No,No,No,Yes,No,No,Yes,>2 hours,Yes,No
2023/03/10 3:31:55 PM GMT+5:30,mahesh,MALE,Yes,No,Yes,Yes,No,Yes,No,No,No,No,No,Yes,No,No,Yes,>2 hours,Yes,No
2023/03/10 3:31:55 PM GMT+5:30,mahesh,MALE,Yes,No,Yes,Yes,No,Yes,No,No,No,No,No,Yes,No,No,Yes,>2 hours,Yes,No
2023/03/10 3:31:55 PM GMT+5:30,mahesh,MALE,Yes,No,Yes,Yes,No,Yes,No,No,No,No,No,Yes,No,No,Yes,>2 hours,Yes,No
2023/03/10 3:31:55 PM GMT+5:30,mahesh,MALE,Yes,No,Yes,Yes,No,Yes,No,No,No,No,No,Yes,No,No,Yes,>2 hours,Yes,No
2023/03/10 3:31:55 PM GMT+5:30,mahesh,MALE,Yes,No,Yes,Yes,No,Yes,No,No,No,No,No,Yes,No,No,Yes,>2 hours,Yes,No
2023/03/10 3:31:55 PM GMT+5:30,mahesh,MALE,Yes,No,Yes,Yes,No,Yes,No,No,No,No,No,Yes,No,No,Yes,>2 hours,Yes,No
2023/03/10 3:32:18 PM GMT+5:30,rahul,MALE,Yes,No,Yes,Yes,No,Yes,No,No,No,No,No,Yes,No,No,Yes,>2 hours,Yes,No
2023/03/10 3:32:20 PM GMT+5:30,rahul,MALE,Yes,No,Yes,Yes,No,Yes,No,No,No,No,No,Yes,No,No,Yes,>2 hours,Yes,No
2023/03/10 3:32:20 PM GMT+5:30,rahul,MALE,Yes,No,Yes,Yes,No,Yes,No,No,No,No,No,Yes,No,No,Yes,>2 hours,Yes,No
2023/03/10 3:32:20 PM GMT+5:30,rahul,MALE,Yes,No,Yes,Yes,No,Yes,No,No,No,No,No,Yes,No,No,Yes,>2 hours,Yes,No
2023/03/10 3:32:20 PM GMT+5:30,rahul,MALE,Yes,No,Yes,Yes,No,Yes,No,No,No,No,No,Yes,No,No,Yes,>2 hours,Yes,No
2023/03/10 3:32:20 PM GMT+5:30,rahul,MALE,Yes,No,Yes,Yes,No,Yes,No,No,No,No,No,Yes,No,No,Yes,>2 hours,Yes,No
2023/03/10 3:32:20 PM GMT+5:30,rahul,MALE,Yes,No,Yes,Yes,No,Yes,No,No,No,No,No,Yes,No,No,Yes,>2 hours,Yes,No
2023/03/10 3:32:20 PM GMT+5:30,rahul,MALE,Yes,No,Yes,Yes,No,Yes,No,No,No,No,No,Yes,No,No,Yes,>2 hours,Yes,No
2023/03/10 3:32:20 PM GMT+5:30,rahul,MALE,Yes,No,Yes,Yes,No,Yes,No,No,No,No,No,Yes,No,No,Yes,>2 hours,Yes,No
2023/03/10 3:32:20 PM GMT+5:30,rahul,MALE,Yes,No,Yes,Yes,No,Yes,No,No,No,No,No,Yes,No,No,Yes,>2 hours,Yes,No
2023/03/10 3:32:20 PM GMT+5:30,rahul,MALE,Yes,No,Yes,Yes,No,Yes,No,No,No,No,No,Yes,No,No,Yes,>2 hours,Yes,No
2023/03/10 3:32:20 PM GMT+5:30,rahul,MALE,Yes,No,Yes,Yes,No,Yes,No,No,No,No,No,Yes,No,No,Yes,>2 hours,Yes,No
2023/03/10 3:32:20 PM GMT+5:30,rahul,MALE,Yes,No,Yes,Yes,No,Yes,No,No,No,No,No,Yes,No,No,Yes,>2 hours,Yes,No
2023/03/10 3:32:20 PM GMT+5:30,rahul,MALE,Yes,No,Yes,Yes,No,Yes,No,No,No,No,No,Yes,No,No,Yes,>2 hours,Yes,No
2023/03/10 3:32:20 PM GMT+5:30,rahul,MALE,Yes,No,Yes,Yes,No,Yes,No,No,No,No,No,Yes,No,No,Yes,>2 hours,Yes,No
2023/03/10 3:32:20 PM GMT+5:30,rahul,MALE,Yes,No,Yes,Yes,No,Yes,No,No,No,No,No,Yes,No,No,Yes,>2 hours,Yes,No
2023/03/10 3:32:20 PM GMT+5:30,rahul,MALE,Yes,No,Yes,Yes,No,Yes,No,No,No,No,No,Yes,No,No,Yes,>2 hours,Yes,No
2023/03/10 3:32:20 PM GMT+5:30,rahul,MALE,Yes,No,Yes,Yes,No,Yes,No,No,No,No,No,Yes,No,No,Yes,>2 hours,Yes,No
2023/03/10 3:32:20 PM GMT+5:30,rahul,MALE,Yes,No,Yes,Yes,No,Yes,No,No,No,No,No,Yes,No,No,Yes,>2 hours,Yes,No
2023/03/10 3:32:20 PM GMT+5:30,rahul,MALE,Yes,No,Yes,Yes,No,Yes,No,No,No,No,No,Yes,No,No,Yes,>2 hours,Yes,No
2023/03/10 3:32:46 PM GMT+5:30,ashwin,MALE,Yes,No,Yes,Yes,No,Yes,No,No,No,No,No,Yes,No,No,Yes,>2 hours,Yes,No
2023/03/10 3:32:48 PM GMT+5:30,ashwin,MALE,Yes,No,Yes,Yes,No,Yes,No,No,No,No,No,Yes,No,No,Yes,>2 hours,Yes,No
2023/03/10 3:32:48 PM GMT+5:30,ashwin,MALE,Yes,No,Yes,Yes,No,Yes,No,No,No,No,No,Yes,No,No,Yes,>2 hours,Yes,No
2023/03/10 3:32:48 PM GMT+5:30,ashwin,MALE,Yes,No,Yes,Yes,No,Yes,No,No,No,No,No,Yes,No,No,Yes,>2 hours,Yes,No
2023/03/10 3:32:48 PM GMT+5:30,ashwin,MALE,Yes,No,Yes,Yes,No,Yes,No,No,No,No,No,Yes,No,No,Yes,>2 hours,Yes,No
2023/03/10 3:32:48 PM GMT+5:30,ashwin,MALE,Yes,No,Yes,Yes,No,Yes,No,No,No,No,No,Yes,No,No,Yes,>2 hours,Yes,No
2023/03/10 3:32:48 PM GMT+5:30,ashwin,MALE,Yes,No,Yes,Yes,No,Yes,No,No,No,No,No,Yes,No,No,Yes,>2 hours,Yes,No
2023/03/10 3:32:48 PM GMT+5:30,ashwin,MALE,Yes,No,Yes,Yes,No,Yes,No,No,No,No,No,Yes,No,No,Yes,>2 hours,Yes,No
2023/03/10 3:32:48 PM GMT+5:30,ashwin,MALE,Yes,No,Yes,Yes,No,Yes,No,No,No,No,No,Yes,No,No,Yes,>2 hours,Yes,No
2023/03/10 3:32:48 PM GMT+5:30,ashwin,MALE,Yes,No,Yes,Yes,No,Yes,No,No,No,No,No,Yes,No,No,Yes,>2 hours,Yes,No
2023/03/10 3:32:48 PM GMT+5:30,ashwin,MALE,Yes,No,Yes,Yes,No,Yes,No,No,No,No,No,Yes,No,No,Yes,>2 hours,Yes,No
2023/03/10 3:32:48 PM GMT+5:30,ashwin,MALE,Yes,No,Yes,Yes,No,Yes,No,No,No,No,No,Yes,No,No,Yes,>2 hours,Yes,No
2023/03/10 3:32:48 PM GMT+5:30,ashwin,MALE,Yes,No,Yes,Yes,No,Yes,No,No,No,No,No,Yes,No,No,Yes,>2 hours,Yes,No
2023/03/10 3:32:48 PM GMT+5:30,ashwin,MALE,Yes,No,Yes,Yes,No,Yes,No,No,No,No,No,Yes,No,No,Yes,>2 hours,Yes,No
2023/03/10 3:32:48 PM GMT+5:30,ashwin,MALE,Yes,No,Yes,Yes,No,Yes,No,No,No,No,No,Yes,No,No,Yes,>2 hours,Yes,No
2023/03/10 3:32:48 PM GMT+5:30,ashwin,MALE,Yes,No,Yes,Yes,No,Yes,No,No,No,No,No,Yes,No,No,Yes,>2 hours,Yes,No
2023/03/10 3:32:48 PM GMT+5:30,ashwin,MALE,Yes,No,Yes,Yes,No,Yes,No,No,No,No,No,Yes,No,No,Yes,>2 hours,Yes,No
2023/03/10 3:32:48 PM GMT+5:30,ashwin,MALE,Yes,No,Yes,Yes,No,Yes,No,No,No,No,No,Yes,No,No,Yes,>2 hours,Yes,No
2023/03/10 3:32:48 PM GMT+5:30,ashwin,MALE,Yes,No,Yes,Yes,No,Yes,No,No,No,No,No,Yes,No,No,Yes,>2 hours,Yes,No
2023/03/10 3:32:48 PM GMT+5:30,ashwin,MALE,Yes,No,Yes,Yes,No,Yes,No,No,No,No,No,Yes,No,No,Yes,>2 hours,Yes,No
2023/03/10 3:33:07 PM GMT+5:30,axar,MALE,Yes,No,Yes,Yes,No,Yes,No,No,No,No,No,Yes,No,No,Yes,>2 hours,Yes,No
2023/03/10 3:33:08 PM GMT+5:30,axar,MALE,Yes,No,Yes,Yes,No,Yes,No,No,No,No,No,Yes,No,No,Yes,>2 hours,Yes,No
2023/03/10 3:33:08 PM GMT+5:30,axar,MALE,Yes,No,Yes,Yes,No,Yes,No,No,No,No,No,Yes,No,No,Yes,>2 hours,Yes,No
2023/03/10 3:33:08 PM GMT+5:30,axar,MALE,Yes,No,Yes,Yes,No,Yes,No,No,No,No,No,Yes,No,No,Yes,>2 hours,Yes,No
2023/03/10 3:33:08 PM GMT+5:30,axar,MALE,Yes,No,Yes,Yes,No,Yes,No,No,No,No,No,Yes,No,No,Yes,>2 hours,Yes,No
2023/03/10 3:33:08 PM GMT+5:30,axar,MALE,Yes,No,Yes,Yes,No,Yes,No,No,No,No,No,Yes,No,No,Yes,>2 hours,Yes,No
2023/03/10 3:33:08 PM GMT+5:30,axar,MALE,Yes,No,Yes,Yes,No,Yes,No,No,No,No,No,Yes,No,No,Yes,>2 hours,Yes,No
2023/03/10 3:33:08 PM GMT+5:30,axar,MALE,Yes,No,Yes,Yes,No,Yes,No,No,No,No,No,Yes,No,No,Yes,>2 hours,Yes,No
2023/03/10 3:33:08 PM GMT+5:30,axar,MALE,Yes,No,Yes,Yes,No,Yes,No,No,No,No,No,Yes,No,No,Yes,>2 hours,Yes,No
2023/03/10 3:33:09 PM GMT+5:30,axar,MALE,Yes,No,Yes,Yes,No,Yes,No,No,No,No,No,Yes,No,No,Yes,>2 hours,Yes,No
2023/03/10 3:33:09 PM GMT+5:30,axar,MALE,Yes,No,Yes,Yes,No,Yes,No,No,No,No,No,Yes,No,No,Yes,>2 hours,Yes,No
2023/03/10 3:33:09 PM GMT+5:30,axar,MALE,Yes,No,Yes,Yes,No,Yes,No,No,No,No,No,Yes,No,No,Yes,>2 hours,Yes,No
2023/03/10 3:33:09 PM GMT+5:30,axar,MALE,Yes,No,Yes,Yes,No,Yes,No,No,No,No,No,Yes,No,No,Yes,>2 hours,Yes,No
2023/03/10 3:33:09 PM GMT+5:30,axar,MALE,Yes,No,Yes,Yes,No,Yes,No,No,No,No,No,Yes,No,No,Yes,>2 hours,Yes,No
2023/03/10 3:33:09 PM GMT+5:30,axar,MALE,Yes,No,Yes,Yes,No,Yes,No,No,No,No,No,Yes,No,No,Yes,>2 hours,Yes,No
2023/03/10 3:33:09 PM GMT+5:30,axar,MALE,Yes,No,Yes,Yes,No,Yes,No,No,No,No,No,Yes,No,No,Yes,>2 hours,Yes,No
2023/03/10 3:33:09 PM GMT+5:30,axar,MALE,Yes,No,Yes,Yes,No,Yes,No,No,No,No,No,Yes,No,No,Yes,>2 hours,Yes,No
2023/03/10 3:33:09 PM GMT+5:30,axar,MALE,Yes,No,Yes,Yes,No,Yes,No,No,No,No,No,Yes,No,No,Yes,>2 hours,Yes,No
2023/03/10 3:33:09 PM GMT+5:30,axar,MALE,Yes,No,Yes,Yes,No,Yes,No,No,No,No,No,Yes,No,No,Yes,>2 hours,Yes,No
2023/03/10 3:33:09 PM GMT+5:30,axar,MALE,Yes,No,Yes,Yes,No,Yes,No,No,No,No,No,Yes,No,No,Yes,>2 hours,Yes,No
2023/03/10 3:33:28 PM GMT+5:30,jadeja,MALE,Yes,No,Yes,Yes,No,Yes,No,No,No,No,No,Yes,No,No,Yes,>2 hours,Yes,No
2023/03/10 3:33:29 PM GMT+5:30,jadeja,MALE,Yes,No,Yes,Yes,No,Yes,No,No,No,No,No,Yes,No,No,Yes,>2 hours,Yes,No
2023/03/10 3:33:29 PM GMT+5:30,jadeja,MALE,Yes,No,Yes,Yes,No,Yes,No,No,No,No,No,Yes,No,No,Yes,>2 hours,Yes,No
2023/03/10 3:33:29 PM GMT+5:30,jadeja,MALE,Yes,No,Yes,Yes,No,Yes,No,No,No,No,No,Yes,No,No,Yes,>2 hours,Yes,No
2023/03/10 3:33:29 PM GMT+5:30,jadeja,MALE,Yes,No,Yes,Yes,No,Yes,No,No,No,No,No,Yes,No,No,Yes,>2 hours,Yes,No
2023/03/10 3:33:29 PM GMT+5:30,jadeja,MALE,Yes,No,Yes,Yes,No,Yes,No,No,No,No,No,Yes,No,No,Yes,>2 hours,Yes,No
2023/03/10 3:33:29 PM GMT+5:30,jadeja,MALE,Yes,No,Yes,Yes,No,Yes,No,No,No,No,No,Yes,No,No,Yes,>2 hours,Yes,No
2023/03/10 3:33:29 PM GMT+5:30,jadeja,MALE,Yes,No,Yes,Yes,No,Yes,No,No,No,No,No,Yes,No,No,Yes,>2 hours,Yes,No
2023/03/10 3:33:29 PM GMT+5:30,jadeja,MALE,Yes,No,Yes,Yes,No,Yes,No,No,No,No,No,Yes,No,No,Yes,>2 hours,Yes,No
2023/03/10 3:33:29 PM GMT+5:30,jadeja,MALE,Yes,No,Yes,Yes,No,Yes,No,No,No,No,No,Yes,No,No,Yes,>2 hours,Yes,No
2023/03/10 3:33:29 PM GMT+5:30,jadeja,MALE,Yes,No,Yes,Yes,No,Yes,No,No,No,No,No,Yes,No,No,Yes,>2 hours,Yes,No
2023/03/10 3:33:29 PM GMT+5:30,jadeja,MALE,Yes,No,Yes,Yes,No,Yes,No,No,No,No,No,Yes,No,No,Yes,>2 hours,Yes,No
2023/03/10 3:33:30 PM GMT+5:30,jadeja,MALE,Yes,No,Yes,Yes,No,Yes,No,No,No,No,No,Yes,No,No,Yes,>2 hours,Yes,No
2023/03/10 3:33:30 PM GMT+5:30,jadeja,MALE,Yes,No,Yes,Yes,No,Yes,No,No,No,No,No,Yes,No,No,Yes,>2 hours,Yes,No
2023/03/10 3:33:30 PM GMT+5:30,jadeja,MALE,Yes,No,Yes,Yes,No,Yes,No,No,No,No,No,Yes,No,No,Yes,>2 hours,Yes,No
2023/03/10 3:33:30 PM GMT+5:30,jadeja,MALE,Yes,No,Yes,Yes,No,Yes,No,No,No,No,No,Yes,No,No,Yes,>2 hours,Yes,No
2023/03/10 3:33:30 PM GMT+5:30,jadeja,MALE,Yes,No,Yes,Yes,No,Yes,No,No,No,No,No,Yes,No,No,Yes,>2 hours,Yes,No
2023/03/10 3:33:30 PM GMT+5:30,jadeja,MALE,Yes,No,Yes,Yes,No,Yes,No,No,No,No,No,Yes,No,No,Yes,>2 hours,Yes,No
2023/03/10 3:33:30 PM GMT+5:30,jadeja,MALE,Yes,No,Yes,Yes,No,Yes,No,No,No,No,No,Yes,No,No,Yes,>2 hours,Yes,No
2023/03/10 3:33:30 PM GMT+5:30,jadeja,MALE,Yes,No,Yes,Yes,No,Yes,No,No,No,No,No,Yes,No,No,Yes,>2 hours,Yes,No
2023/03/10 3:33:48 PM GMT+5:30,rohit,MALE,Yes,No,Yes,Yes,No,Yes,No,No,No,No,No,Yes,No,No,Yes,>2 hours,Yes,No
2023/03/10 3:33:49 PM GMT+5:30,rohit,MALE,Yes,No,Yes,Yes,No,Yes,No,No,No,No,No,Yes,No,No,Yes,>2 hours,Yes,No
2023/03/10 3:33:49 PM GMT+5:30,rohit,MALE,Yes,No,Yes,Yes,No,Yes,No,No,No,No,No,Yes,No,No,Yes,>2 hours,Yes,No
2023/03/10 3:33:49 PM GMT+5:30,rohit,MALE,Yes,No,Yes,Yes,No,Yes,No,No,No,No,No,Yes,No,No,Yes,>2 hours,Yes,No
2023/03/10 3:33:49 PM GMT+5:30,rohit,MALE,Yes,No,Yes,Yes,No,Yes,No,No,No,No,No,Yes,No,No,Yes,>2 hours,Yes,No
2023/03/10 3:33:49 PM GMT+5:30,rohit,MALE,Yes,No,Yes,Yes,No,Yes,No,No,No,No,No,Yes,No,No,Yes,>2 hours,Yes,No
2023/03/10 3:33:49 PM GMT+5:30,rohit,MALE,Yes,No,Yes,Yes,No,Yes,No,No,No,No,No,Yes,No,No,Yes,>2 hours,Yes,No
2023/03/10 3:33:49 PM GMT+5:30,rohit,MALE,Yes,No,Yes,Yes,No,Yes,No,No,No,No,No,Yes,No,No,Yes,>2 hours,Yes,No
2023/03/10 3:33:49 PM GMT+5:30,rohit,MALE,Yes,No,Yes,Yes,No,Yes,No,No,No,No,No,Yes,No,No,Yes,>2 hours,Yes,No
2023/03/10 3:33:49 PM GMT+5:30,rohit,MALE,Yes,No,Yes,Yes,No,Yes,No,No,No,No,No,Yes,No,No,Yes,>2 hours,Yes,No
2023/03/10 3:33:49 PM GMT+5:30,rohit,MALE,Yes,No,Yes,Yes,No,Yes,No,No,No,No,No,Yes,No,No,Yes,>2 hours,Yes,No
2023/03/10 3:33:49 PM GMT+5:30,rohit,MALE,Yes,No,Yes,Yes,No,Yes,No,No,No,No,No,Yes,No,No,Yes,>2 hours,Yes,No
2023/03/10 3:33:49 PM GMT+5:30,rohit,MALE,Yes,No,Yes,Yes,No,Yes,No,No,No,No,No,Yes,No,No,Yes,>2 hours,Yes,No
2023/03/10 3:33:49 PM GMT+5:30,rohit,MALE,Yes,No,Yes,Yes,No,Yes,No,No,No,No,No,Yes,No,No,Yes,>2 hours,Yes,No
2023/03/10 3:33:50 PM GMT+5:30,rohit,MALE,Yes,No,Yes,Yes,No,Yes,No,No,No,No,No,Yes,No,No,Yes,>2 hours,Yes,No
2023/03/10 3:33:50 PM GMT+5:30,rohit,MALE,Yes,No,Yes,Yes,No,Yes,No,No,No,No,No,Yes,No,No,Yes,>2 hours,Yes,No
2023/03/10 3:33:50 PM GMT+5:30,rohit,MALE,Yes,No,Yes,Yes,No,Yes,No,No,No,No,No,Yes,No,No,Yes,>2 hours,Yes,No
2023/03/10 3:33:50 PM GMT+5:30,rohit,MALE,Yes,No,Yes,Yes,No,Yes,No,No,No,No,No,Yes,No,No,Yes,>2 hours,Yes,No
2023/03/10 3:33:50 PM GMT+5:30,rohit,MALE,Yes,No,Yes,Yes,No,Yes,No,No,No,No,No,Yes,No,No,Yes,>2 hours,Yes,No
2023/03/10 3:33:50 PM GMT+5:30,rohit,MALE,Yes,No,Yes,Yes,No,Yes,No,No,No,No,No,Yes,No,No,Yes,>2 hours,Yes,No
2023/03/10 3:34:10 PM GMT+5:30,umesh,MALE,Yes,No,Yes,Yes,No,Yes,No,No,No,No,No,Yes,No,No,Yes,>2 hours,Yes,No
2023/03/10 3:34:12 PM GMT+5:30,umesh,MALE,Yes,No,Yes,Yes,No,Yes,No,No,No,No,No,Yes,No,No,Yes,>2 hours,Yes,No
2023/03/10 3:34:12 PM GMT+5:30,umesh,MALE,Yes,No,Yes,Yes,No,Yes,No,No,No,No,No,Yes,No,No,Yes,>2 hours,Yes,No
2023/03/10 3:34:12 PM GMT+5:30,umesh,MALE,Yes,No,Yes,Yes,No,Yes,No,No,No,No,No,Yes,No,No,Yes,>2 hours,Yes,No
2023/03/10 3:34:12 PM GMT+5:30,umesh,MALE,Yes,No,Yes,Yes,No,Yes,No,No,No,No,No,Yes,No,No,Yes,>2 hours,Yes,No
2023/03/10 3:34:12 PM GMT+5:30,umesh,MALE,Yes,No,Yes,Yes,No,Yes,No,No,No,No,No,Yes,No,No,Yes,>2 hours,Yes,No
2023/03/10 3:34:12 PM GMT+5:30,umesh,MALE,Yes,No,Yes,Yes,No,Yes,No,No,No,No,No,Yes,No,No,Yes,>2 hours,Yes,No
2023/03/10 3:34:12 PM GMT+5:30,umesh,MALE,Yes,No,Yes,Yes,No,Yes,No,No,No,No,No,Yes,No,No,Yes,>2 hours,Yes,No
2023/03/10 3:34:12 PM GMT+5:30,umesh,MALE,Yes,No,Yes,Yes,No,Yes,No,No,No,No,No,Yes,No,No,Yes,>2 hours,Yes,No
2023/03/10 3:34:12 PM GMT+5:30,umesh,MALE,Yes,No,Yes,Yes,No,Yes,No,No,No,No,No,Yes,No,No,Yes,>2 hours,Yes,No
2023/03/10 3:34:12 PM GMT+5:30,umesh,MALE,Yes,No,Yes,Yes,No,Yes,No,No,No,No,No,Yes,No,No,Yes,>2 hours,Yes,No
2023/03/10 3:34:12 PM GMT+5:30,umesh,MALE,Yes,No,Yes,Yes,No,Yes,No,No,No,No,No,Yes,No,No,Yes,>2 hours,Yes,No
2023/03/10 3:34:12 PM GMT+5:30,umesh,MALE,Yes,No,Yes,Yes,No,Yes,No,No,No,No,No,Yes,No,No,Yes,>2 hours,Yes,No
2023/03/10 3:34:12 PM GMT+5:30,umesh,MALE,Yes,No,Yes,Yes,No,Yes,No,No,No,No,No,Yes,No,No,Yes,>2 hours,Yes,No
2023/03/10 3:34:12 PM GMT+5:30,umesh,MALE,Yes,No,Yes,Yes,No,Yes,No,No,No,No,No,Yes,No,No,Yes,>2 hours,Yes,No
2023/03/10 3:34:12 PM GMT+5:30,umesh,MALE,Yes,No,Yes,Yes,No,Yes,No,No,No,No,No,Yes,No,No,Yes,>2 hours,Yes,No
2023/03/10 3:34:12 PM GMT+5:30,umesh,MALE,Yes,No,Yes,Yes,No,Yes,No,No,No,No,No,Yes,No,No,Yes,>2 hours,Yes,No
2023/03/10 3:34:12 PM GMT+5:30,umesh,MALE,Yes,No,Yes,Yes,No,Yes,No,No,No,No,No,Yes,No,No,Yes,>2 hours,Yes,No
2023/03/10 3:34:12 PM GMT+5:30,umesh,MALE,Yes,No,Yes,Yes,No,Yes,No,No,No,No,No,Yes,No,No,Yes,>2 hours,Yes,No
2023/03/10 3:34:12 PM GMT+5:30,umesh,MALE,Yes,No,Yes,Yes,No,Yes,No,No,No,No,No,Yes,No,No,Yes,>2 hours,Yes,No
2023/03/10 3:34:38 PM GMT+5:30,ishan,MALE,Yes,No,Yes,Yes,No,Yes,No,No,No,No,No,Yes,No,No,Yes,>2 hours,Yes,No
2023/03/10 3:34:39 PM GMT+5:30,ishan,MALE,Yes,No,Yes,Yes,No,Yes,No,No,No,No,No,Yes,No,No,Yes,>2 hours,Yes,No
2023/03/10 3:34:39 PM GMT+5:30,ishan,MALE,Yes,No,Yes,Yes,No,Yes,No,No,No,No,No,Yes,No,No,Yes,>2 hours,Yes,No
2023/03/10 3:34:39 PM GMT+5:30,ishan,MALE,Yes,No,Yes,Yes,No,Yes,No,No,No,No,No,Yes,No,No,Yes,>2 hours,Yes,No
2023/03/10 3:34:39 PM GMT+5:30,ishan,MALE,Yes,No,Yes,Yes,No,Yes,No,No,No,No,No,Yes,No,No,Yes,>2 hours,Yes,No
2023/03/10 3:34:39 PM GMT+5:30,ishan,MALE,Yes,No,Yes,Yes,No,Yes,No,No,No,No,No,Yes,No,No,Yes,>2 hours,Yes,No
2023/03/10 3:34:39 PM GMT+5:30,ishan,MALE,Yes,No,Yes,Yes,No,Yes,No,No,No,No,No,Yes,No,No,Yes,>2 hours,Yes,No
2023/03/10 3:34:39 PM GMT+5:30,ishan,MALE,Yes,No,Yes,Yes,No,Yes,No,No,No,No,No,Yes,No,No,Yes,>2 hours,Yes,No
2023/03/10 3:34:39 PM GMT+5:30,ishan,MALE,Yes,No,Yes,Yes,No,Yes,No,No,No,No,No,Yes,No,No,Yes,>2 hours,Yes,No
2023/03/10 3:34:39 PM GMT+5:30,ishan,MALE,Yes,No,Yes,Yes,No,Yes,No,No,No,No,No,Yes,No,No,Yes,>2 hours,Yes,No
2023/03/10 3:34:39 PM GMT+5:30,ishan,MALE,Yes,No,Yes,Yes,No,Yes,No,No,No,No,No,Yes,No,No,Yes,>2 hours,Yes,No
2023/03/10 3:34:39 PM GMT+5:30,ishan,MALE,Yes,No,Yes,Yes,No,Yes,No,No,No,No,No,Yes,No,No,Yes,>2 hours,Yes,No
2023/03/10 3:34:39 PM GMT+5:30,ishan,MALE,Yes,No,Yes,Yes,No,Yes,No,No,No,No,No,Yes,No,No,Yes,>2 hours,Yes,No
2023/03/10 3:34:39 PM GMT+5:30,ishan,MALE,Yes,No,Yes,Yes,No,Yes,No,No,No,No,No,Yes,No,No,Yes,>2 hours,Yes,No
2023/03/10 3:34:39 PM GMT+5:30,ishan,MALE,Yes,No,Yes,Yes,No,Yes,No,No,No,No,No,Yes,No,No,Yes,>2 hours,Yes,No
2023/03/10 3:34:39 PM GMT+5:30,ishan,MALE,Yes,No,Yes,Yes,No,Yes,No,No,No,No,No,Yes,No,No,Yes,>2 hours,Yes,No
2023/03/10 3:34:39 PM GMT+5:30,ishan,MALE,Yes,No,Yes,Yes,No,Yes,No,No,No,No,No,Yes,No,No,Yes,>2 hours,Yes,No
2023/03/10 3:34:40 PM GMT+5:30,ishan,MALE,Yes,No,Yes,Yes,No,Yes,No,No,No,No,No,Yes,No,No,Yes,>2 hours,Yes,No
2023/03/10 3:34:40 PM GMT+5:30,ishan,MALE,Yes,No,Yes,Yes,No,Yes,No,No,No,No,No,Yes,No,No,Yes,>2 hours,Yes,No
2023/03/10 3:34:40 PM GMT+5:30,ishan,MALE,Yes,No,Yes,Yes,No,Yes,No,No,No,No,No,Yes,No,No,Yes,>2 hours,Yes,No
2023/03/10 3:35:05 PM GMT+5:30,manoj,MALE,Yes,No,Yes,Yes,No,Yes,No,No,No,No,No,Yes,No,No,Yes,>2 hours,Yes,No
2023/03/10 3:35:06 PM GMT+5:30,manoj,MALE,Yes,No,Yes,Yes,No,Yes,No,No,No,No,No,Yes,No,No,Yes,>2 hours,Yes,No
2023/03/10 3:35:06 PM GMT+5:30,manoj,MALE,Yes,No,Yes,Yes,No,Yes,No,No,No,No,No,Yes,No,No,Yes,>2 hours,Yes,No
2023/03/10 3:35:06 PM GMT+5:30,manoj,MALE,Yes,No,Yes,Yes,No,Yes,No,No,No,No,No,Yes,No,No,Yes,>2 hours,Yes,No
2023/03/10 3:35:06 PM GMT+5:30,manoj,MALE,Yes,No,Yes,Yes,No,Yes,No,No,No,No,No,Yes,No,No,Yes,>2 hours,Yes,No
2023/03/10 3:35:06 PM GMT+5:30,manoj,MALE,Yes,No,Yes,Yes,No,Yes,No,No,No,No,No,Yes,No,No,Yes,>2 hours,Yes,No
2023/03/10 3:35:06 PM GMT+5:30,manoj,MALE,Yes,No,Yes,Yes,No,Yes,No,No,No,No,No,Yes,No,No,Yes,>2 hours,Yes,No
2023/03/10 3:35:06 PM GMT+5:30,manoj,MALE,Yes,No,Yes,Yes,No,Yes,No,No,No,No,No,Yes,No,No,Yes,>2 hours,Yes,No
2023/03/10 3:35:07 PM GMT+5:30,manoj,MALE,Yes,No,Yes,Yes,No,Yes,No,No,No,No,No,Yes,No,No,Yes,>2 hours,Yes,No
2023/03/10 3:35:07 PM GMT+5:30,manoj,MALE,Yes,No,Yes,Yes,No,Yes,No,No,No,No,No,Yes,No,No,Yes,>2 hours,Yes,No
2023/03/10 3:35:07 PM GMT+5:30,manoj,MALE,Yes,No,Yes,Yes,No,Yes,No,No,No,No,No,Yes,No,No,Yes,>2 hours,Yes,No
2023/03/10 3:35:07 PM GMT+5:30,manoj,MALE,Yes,No,Yes,Yes,No,Yes,No,No,No,No,No,Yes,No,No,Yes,>2 hours,Yes,No
2023/03/10 3:35:07 PM GMT+5:30,manoj,MALE,Yes,No,Yes,Yes,No,Yes,No,No,No,No,No,Yes,No,No,Yes,>2 hours,Yes,No
2023/03/10 3:35:07 PM GMT+5:30,manoj,MALE,Yes,No,Yes,Yes,No,Yes,No,No,No,No,No,Yes,No,No,Yes,>2 hours,Yes,No
2023/03/10 3:35:07 PM GMT+5:30,manoj,MALE,Yes,No,Yes,Yes,No,Yes,No,No,No,No,No,Yes,No,No,Yes,>2 hours,Yes,No
2023/03/10 3:35:07 PM GMT+5:30,manoj,MALE,Yes,No,Yes,Yes,No,Yes,No,No,No,No,No,Yes,No,No,Yes,>2 hours,Yes,No
2023/03/10 3:35:07 PM GMT+5:30,manoj,MALE,Yes,No,Yes,Yes,No,Yes,No,No,No,No,No,Yes,No,No,Yes,>2 hours,Yes,No
2023/03/10 3:35:07 PM GMT+5:30,manoj,MALE,Yes,No,Yes,Yes,No,Yes,No,No,No,No,No,Yes,No,No,Yes,>2 hours,Yes,No
2023/03/10 3:35:07 PM GMT+5:30,manoj,MALE,Yes,No,Yes,Yes,No,Yes,No,No,No,No,No,Yes,No,No,Yes,>2 hours,Yes,No
2023/03/10 3:35:07 PM GMT+5:30,manoj,MALE,Yes,No,Yes,Yes,No,Yes,No,No,No,No,No,Yes,No,No,Yes,>2 hours,Yes,No
2023/03/23 4:20:17 PM GMT+5:30,Dasarath,MALE,Yes,No,No,No,Yes,No,No,No,No,Yes,No,Yes,Yes,Yes,Yes,<2 hours,Yes,No
2023/03/23 6:06:36 PM GMT+5:30,Balaji ,MALE,Yes,Yes,Yes,Yes,Yes,Yes,No,No,Yes,Yes,Yes,Yes,Yes,No,Yes,<2 hours,No,Yes
2023/03/23 6:07:49 PM GMT+5:30,Hemanth,MALE,Yes,Yes,Yes,Yes,Yes,No,Yes,Yes,Yes,Yes,Yes,Yes,Yes,Yes,No,>2 hours,No,Yes
2023/03/23 6:08:49 PM GMT+5:30,Sushanth,MALE,Yes,Yes,No,Yes,Yes,Yes,Yes,Yes,Yes,Yes,Yes,Yes,Yes,Yes,yes ,>2 hours,Yes,Yes
2023/03/23 10:36:58 PM GMT+5:30,Maloth Vishnu Vardhan ,MALE,Yes,Yes,No,No,Yes,No,No,No,Yes,No,No,No,Yes,Yes,No,<2 hours,Yes,No
2023/03/23 10:37:17 PM GMT+5:30,Badda Mahith ,MALE,No,No,Yes,Yes,Yes,No,Yes,Yes,Yes,Yes,No,Yes,Yes,Yes,Yes,>2 hours,Yes,No
2023/03/23 10:58:16 PM GMT+5:30,M. Rakesh kumar,MALE,Yes,Yes,Yes,Yes,Yes,Yes,Yes,Yes,Yes,Yes,Yes,Yes,Yes,Yes,Yes,<2 hours,Yes,Yes
2023/03/23 10:59:01 PM GMT+5:30,K. Ravi kanth,MALE,Yes,Yes,Yes,Yes,Yes,Yes,Yes,Yes,Yes,Yes,Yes,Yes,Yes,Yes,Yes,<2 hours,Yes,Yes
2023/03/23 10:59:54 PM GMT+5:30,Ravi Teja. M,MALE,Yes,Yes,Yes,Yes,Yes,Yes,Yes,Yes,Yes,Yes,Yes,Yes,Yes,Yes,Yes,<2 hours,Yes,Yes
2023/03/23 11:01:56 PM GMT+5:30,N. Kishore,MALE,Yes,Yes,Yes,Yes,Yes,Yes,Yes,Yes,Yes,Yes,Yes,Yes,Yes,Yes,Yes,<2 hours,Yes,Yes
2023/03/23 11:02:44 PM GMT+5:30,B Rajendar,MALE,Yes,Yes,Yes,Yes,Yes,Yes,Yes,Yes,Yes,Yes,Yes,Yes,Yes,Yes,Yes,<2 hours,Yes,Yes
2023/03/23 11:03:23 PM GMT+5:30,K Swati,MALE,Yes,Yes,Yes,Yes,Yes,Yes,Yes,Yes,Yes,Yes,Yes,Yes,Yes,Yes,Yes,<2 hours,Yes,Yes
2023/03/23 11:03:59 PM GMT+5:30,Shaik Razya,Female,Yes,Yes,Yes,Yes,Yes,Yes,Yes,Yes,Yes,Yes,Yes,Yes,Yes,Yes,Yes,<2 hours,Yes,Yes
2023/03/23 11:04:44 PM GMT+5:30,Swapna Naidu. D,Female,Yes,Yes,Yes,Yes,Yes,Yes,Yes,Yes,Yes,Yes,Yes,Yes,Yes,Yes,Yes,<2 hours,Yes,Yes
2023/03/23 11:05:19 PM GMT+5:30,Harsha ,MALE,No,No,No,No,No,No,Yes,Yes,No,Yes,Yes,Yes,Yes,No,Yes,>2 hours,No,No
2023/03/23 11:05:26 PM GMT+5:30,Swetha N,Female,Yes,Yes,Yes,Yes,Yes,Yes,Yes,Yes,Yes,Yes,Yes,Yes,Yes,Yes,Yes,<2 hours,Yes,Yes
2023/03/23 11:05:59 PM GMT+5:30,Vardhan ,MALE,Yes,No,No,No,Yes,Yes,Yes,Yes,No,Yes,Yes,No,No,No,No,>2 hours,No,No
2023/03/23 11:06:24 PM GMT+5:30,Sunitha G,Female,Yes,Yes,Yes,Yes,Yes,Yes,Yes,Yes,Yes,Yes,Yes,Yes,Yes,Yes,Yes,<2 hours,Yes,Yes
2023/03/23 11:06:47 PM GMT+5:30,Rupesh ,MALE,Yes,No,No,No,No,No,No,No,No,No,Yes,Yes,Yes,Yes,Yes,>2 hours,Yes,Yes
2023/03/23 11:08:03 PM GMT+5:30,Uday ,MALE,No,Yes,Yes,Yes,No,No,No,No,Yes,No,Yes,No,Yes,Yes,Yes,>2 hours,No,No
2023/03/23 11:08:03 PM GMT+5:30,Kethavath Rakesh,MALE,Yes,Yes,Yes,Yes,Yes,Yes,Yes,Yes,No,No,No,Yes,No,No,No,<2 hours,No,No
2023/03/23 11:09:02 PM GMT+5:30,Farahan,MALE,Yes,Yes,Yes,Yes,No,No,No,No,No,No,No,No,No,Yes,Yes,<2 hours,Yes,Yes
2023/03/23 11:09:59 PM GMT+5:30,Sai,MALE,Yes,No,Yes,Yes,Yes,No,No,Yes,Yes,Yes,No,No,No,No,Yes,<2 hours,Yes,Yes
2023/03/23 11:11:15 PM GMT+5:30,Tarish,MALE,Yes,Yes,No,No,No,No,Yes,Yes,No,No,No,No,No,Yes,Yes,<2 hours,Yes,No
2023/03/23 11:11:35 PM GMT+5:30,Koushik Lanka,MALE,Yes,Yes,Yes,Yes,Yes,No,No,Yes,Yes,Yes,Yes,Yes,Yes,Yes,No,<2 hours,No,Yes
2023/03/23 11:17:38 PM GMT+5:30,Vijay kumar,MALE,Yes,No,Yes,No,No,No,No,No,No,No,No,No,No,Yes,No,<2 hours,Yes,No
2023/03/23 11:18:43 PM GMT+5:30,Akkineni gagan sai,MALE,Yes,No,No,No,No,No,No,No,No,No,No,No,No,No,No,<2 hours,Yes,No
2023/03/23 11:19:52 PM GMT+5:30,Bomma likhith Reddy ,MALE,Yes,No,No,No,No,No,Yes,No,No,No,No,Yes,No,Yes,No,<2 hours,No,No
2023/03/23 11:20:27 PM GMT+5:30,Satti,MALE,Yes,No,No,Yes,Yes,No,Yes,No,No,No,No,No,No,No,No,<2 hours,Yes,Yes
2023/03/23 11:23:15 PM GMT+5:30,Kaushal kumar singh,MALE,Yes,Yes,Yes,No,Yes,Yes,Yes,Yes,Yes,Yes,No,Yes,Yes,No,Yes,<2 hours,Yes,Yes
2023/03/24 10:31:14 AM GMT+5:30,Sagar ,MALE,No,Yes,Yes,No,Yes,Yes,No,Yes,No,No,No,Yes,Yes,Yes,No,<2 hours,Yes,Yes
2023/03/27 8:09:01 PM GMT+5:30,Ravi Cherukuri,MALE,No,Yes,Yes,No,Yes,No,Yes,Yes,Yes,Yes,No,No,Yes,No,No,>2 hours,No,Yes
2023/03/27 8:09:30 PM GMT+5:30,Kalyan ,MALE,Yes,Yes,Yes,Yes,No,Yes,No,No,No,Yes,No,No,Yes,Yes,No,<2 hours,Yes,No
2023/03/27 8:10:10 PM GMT+5:30,Parithosh,MALE,No,Yes,Yes,Yes,Yes,No,No,Yes,No,Yes,No,Yes,Yes,Yes,Yes,>2 hours,Yes,No
2023/03/27 8:10:43 PM GMT+5:30,Srujan,MALE,No,No,No,No,No,Yes,Yes,No,Yes,Yes,No,Yes,Yes,No,Yes,>2 hours,No,No
2023/03/27 8:11:23 PM GMT+5:30,Sahithi,Female,Yes,No,Yes,No,Yes,No,Yes,No,Yes,No,Yes,No,Yes,No,Yes,>2 hours,No,Yes
2023/03/27 8:11:53 PM GMT+5:30,Meghana ,Female,No,No,Yes,Yes,No,Yes,Yes,Yes,Yes,Yes,No,Yes,Yes,Yes,Yes,<2 hours,No,No
2023/03/27 8:12:24 PM GMT+5:30,Joshna,Female,Yes,Yes,Yes,No,No,Yes,No,Yes,Yes,Yes,No,No,Yes,No,Yes,>2 hours,Yes,Yes
2023/03/27 8:13:02 PM GMT+5:30,Sameeksha ,Female,No,No,Yes,Yes,No,No,Yes,Yes,No,No,No,Yes,Yes,No,Yes,<2 hours,Yes,No
2023/03/27 8:13:38 PM GMT+5:30,Balaji ,MALE,Yes,Yes,No,Yes,Yes,No,Yes,Yes,No,No,No,Yes,No,Yes,Yes,>2 hours,Yes,No
2023/03/27 8:14:15 PM GMT+5:30,Sohail,MALE,No,Yes,Yes,Yes,Yes,No,Yes,Yes,Yes,No,No,No,No,Yes,No,>2 hours,Yes,No
2023/03/27 8:15:01 PM GMT+5:30,Nausheen,Female,Yes,Yes,Yes,Yes,Yes,Yes,Yes,No,No,No,No,Yes,No,Yes,Yes,>2 hours,No,Yes
2023/03/28 12:54:55 PM GMT+5:30,Punnam chandher,MALE,Yes,Yes,No,Yes,No,Yes,Yes,No,Yes,Yes,Yes,No,No,Yes,Yes,>2 hours,Yes,Yes
2023/03/28 12:56:52 PM GMT+5:30,Jashwanth,MALE,No,No,No,Yes,Yes,No,No,Yes,Yes,Yes,Yes,No,Yes,Yes,Yes,>2 hours,Yes,Yes
2023/03/28 12:58:19 PM GMT+5:30,Venu,MALE,No,Yes,Yes,Yes,Yes,No,Yes,Yes,Yes,Yes,Yes,No,Yes,Yes,Yes,<2 hours,Yes,Yes
2023/03/28 2:33:26 PM GMT+5:30,Shravan,MALE,Yes,Yes,No,No,No,Yes,Yes,Yes,Yes,Yes,No,Yes,No,No,No,>2 hours,Yes,No
2023/03/28 2:33:30 PM GMT+5:30,Ganesh,MALE,Yes,No,Yes,No,Yes,No,Yes,No,Yes,No,Yes,No,Yes,No,Yes,>2 hours,Yes,Yes
2023/03/28 2:34:01 PM GMT+5:30,Sathwik ,MALE,Yes,Yes,No,No,No,Yes,Yes,No,Yes,Yes,No,Yes,Yes,Yes,No,<2 hours,Yes,Yes
2023/03/28 2:34:39 PM GMT+5:30,Aqib,MALE,Yes,Yes,No,No,No,No,No,No,No,Yes,No,Yes,No,Yes,Yes,<2 hours,Yes,No
2023/03/28 2:34:57 PM GMT+5:30,Sai srujan ,MALE,Yes,Yes,No,No,Yes,No,No,Yes,Yes,No,No,No,No,Yes,No,>2 hours,Yes,No
2023/03/28 2:35:39 PM GMT+5:30,Venu ,MALE,No,Yes,Yes,Yes,No,Yes,Yes,Yes,No,Yes,Yes,Yes,No,Yes,No,>2 hours,No,Yes
2023/03/28 2:36:38 PM GMT+5:30,Samanvith,Female,Yes,Yes,No,Yes,Yes,No,Yes,Yes,No,Yes,Yes,No,No,Yes,Yes,>2 hours,Yes,Yes
2023/03/28 2:36:46 PM GMT+5:30,Sahadev,MALE,No,No,No,Yes,No,No,No,No,Yes,Yes,No,No,Yes,Yes,No,<2 hours,Yes,No
2023/03/28 2:37:54 PM GMT+5:30,Chandra,MALE,Yes,No,Yes,Yes,No,Yes,Yes,Yes,Yes,Yes,Yes,No,Yes,Yes,Yes,>2 hours,Yes,No
2023/03/28 2:38:26 PM GMT+5:30,Laxman,MALE,No,No,Yes,Yes,Yes,No,Yes,Yes,No,No,Yes,No,Yes,No,Yes,>2 hours,Yes,Yes
2023/03/28 2:39:19 PM GMT+5:30,Sheri mohan,MALE,Yes,Yes,No,Yes,No,Yes,Yes,No,Yes,Yes,No,Yes,Yes,No,Yes,>2 hours,Yes,No
2023/03/28 2:39:59 PM GMT+5:30,Puri jaganath ,MALE,Yes,Yes,No,Yes,Yes,Yes,Yes,Yes,yes ,yes ,Yes,Yes,Yes,Yes,Yes,>2 hours,No,Yes
